uri,label,gtaa_uri,gtaa_scheme,originalLabel,category
https://digitaalerfgoed.poolparty.biz/nhaf/be9c6b8d-e757-ad11-20b5-17436d4c25d4,afbraak,http://data.beeldengeluid.nl/gtaa/27938,Onderwerpen,Afbraak,Activiteiten
https://digitaalerfgoed.poolparty.biz/nhaf/afb5c5c0-6f75-7527-744a-0df6f23cc406,afscheid,http://data.beeldengeluid.nl/gtaa/226264,Onderwerpen,Afscheid,Activiteiten
https://digitaalerfgoed.poolparty.biz/nhaf/623e4ab5-62b2-cc56-2953-4526416c8137,annexaties,http://data.beeldengeluid.nl/gtaa/27929,Onderwerpen,Annexatie,Activiteiten
https://digitaalerfgoed.poolparty.biz/nhaf/956e98ea-19a0-2fca-7834-07c6bf57859d,arbeid,http://data.beeldengeluid.nl/gtaa/28272,Onderwerpen,Arbeid,Activiteiten
https://digitaalerfgoed.poolparty.biz/nhaf/d5be37fb-2c62-e16a-a1fb-65d0fd1cabb0,arbitrage,http://data.beeldengeluid.nl/gtaa/27504,Onderwerpen,Arbitrage,Activiteiten
https://digitaalerfgoed.poolparty.biz/nhaf/931484ff-4061-0cce-5163-c77011352af2,archeologie,http://data.beeldengeluid.nl/gtaa/25384,Onderwerpen,Archeologie,Activiteiten
https://digitaalerfgoed.poolparty.biz/nhaf/45aa1fa6-51f7-23ea-a7a0-776625ae12e5,atletiek,http://data.beeldengeluid.nl/gtaa/27946,Onderwerpen,Atletiek,Activiteiten
https://digitaalerfgoed.poolparty.biz/nhaf/872d304d-b841-62b1-49dd-5f5fb8306562,Avondvierdaagse,http://data.beeldengeluid.nl/gtaa/47198,Namen,Avondvierdaagse,Activiteiten
https://digitaalerfgoed.poolparty.biz/nhaf/7d2e73b8-2131-fe69-c3df-53be568c97d7,badminton,http://data.beeldengeluid.nl/gtaa/25422,Onderwerpen,Badminton,Activiteiten
https://digitaalerfgoed.poolparty.biz/nhaf/318a4226-871e-e7f3-f823-5b7247a95a71,ballet,http://data.beeldengeluid.nl/gtaa/29065,Onderwerpen,Ballet,Activiteiten
https://digitaalerfgoed.poolparty.biz/nhaf/0f410b85-3542-2766-7d59-5c229eb15cc5,basketbal,http://data.beeldengeluid.nl/gtaa/27963,Onderwerpen,Basketbal,Activiteiten
https://digitaalerfgoed.poolparty.biz/nhaf/7c46f21e-c71f-5fe4-36ab-dfadaa1d63eb,beeldend kunstenaars,http://data.beeldengeluid.nl/gtaa/27876,Onderwerpen,"Beeldhouwerij, beeldend kunstenaars",Activiteiten
https://digitaalerfgoed.poolparty.biz/nhaf/47afbe47-7253-c665-04a5-010ab7762705,begrafenissen,http://data.beeldengeluid.nl/gtaa/27975,Onderwerpen,"Begrafenissen, begrafenisplaatsen, etc",Activiteiten
https://digitaalerfgoed.poolparty.biz/nhaf/c86e079a-2616-0927-873c-ce00838fde18,klim- en bergsport,http://data.beeldengeluid.nl/gtaa/27985,Onderwerpen,Bergsport,Activiteiten
https://digitaalerfgoed.poolparty.biz/nhaf/fea6555b-4907-f981-6db9-5651bbe6be2e,beurzen,http://data.beeldengeluid.nl/gtaa/24960,Onderwerpen,Beurzen,Activiteiten
https://digitaalerfgoed.poolparty.biz/nhaf/f82aeccc-7602-5352-4531-62c4c7d6fe8b,bewaking,http://data.beeldengeluid.nl/gtaa/25296,Onderwerpen,Bewaking,Activiteiten
https://digitaalerfgoed.poolparty.biz/nhaf/6912297e-5f79-8599-ce0e-2f7b977ec7d3,bezoeken,http://data.beeldengeluid.nl/gtaa/27999,Onderwerpen,Bezoeken,Activiteiten
https://digitaalerfgoed.poolparty.biz/nhaf/647e514e-c80f-6506-aa33-d03649f516a9,bijeenkomsten,http://data.beeldengeluid.nl/gtaa/28249,Onderwerpen,Bijeenkomsten,Activiteiten
https://digitaalerfgoed.poolparty.biz/nhaf/ef62a9c3-88d4-73df-9894-bea84f67ac7d,biljarten,http://data.beeldengeluid.nl/gtaa/25281,Onderwerpen,Biljarten,Activiteiten
https://digitaalerfgoed.poolparty.biz/nhaf/da8bfb3b-78e0-fd55-7db4-a2c4ebd8211e,bloemsierkunst,http://data.beeldengeluid.nl/gtaa/25008,Onderwerpen,Bloemschikken,Activiteiten
https://digitaalerfgoed.poolparty.biz/nhaf/5d335af8-15b2-16ab-47d5-194310421c0e,bodybuilding,http://data.beeldengeluid.nl/gtaa/25013,Onderwerpen,Bodybuilding,Activiteiten
https://digitaalerfgoed.poolparty.biz/nhaf/2407be09-1796-7c16-6e59-e36b6e8a2237,boetseren,http://data.beeldengeluid.nl/gtaa/25018,Onderwerpen,Boetseren,Activiteiten
https://digitaalerfgoed.poolparty.biz/nhaf/2b7617b0-5927-e412-86d4-615fa5fd226f,boksen,http://data.beeldengeluid.nl/gtaa/27961,Onderwerpen,Boksen,Activiteiten
https://digitaalerfgoed.poolparty.biz/nhaf/844d3cf1-b105-b986-2fb0-a6ac34c77203,boogschieten,http://data.beeldengeluid.nl/gtaa/25025,Onderwerpen,Boogschieten,Activiteiten
https://digitaalerfgoed.poolparty.biz/nhaf/a5185722-0aba-dad9-16bf-cd551881c000,bridge,http://data.beeldengeluid.nl/gtaa/28925,Onderwerpen,Bridgen,Activiteiten
https://digitaalerfgoed.poolparty.biz/nhaf/5990938a-2150-4d2b-3652-4943e77b0954,cabaret,http://data.beeldengeluid.nl/gtaa/28516,Onderwerpen,Cabaret,Activiteiten
https://digitaalerfgoed.poolparty.biz/nhaf/60d7accc-3502-6842-ed15-f08f8d247e4e,carnaval,http://data.beeldengeluid.nl/gtaa/49473,Namen,Carnaval,Activiteiten
https://digitaalerfgoed.poolparty.biz/nhaf/7ff3dc53-4b95-c0ab-d585-04ef6de44226,chemie,http://data.beeldengeluid.nl/gtaa/25111,Onderwerpen,Chemie,Activiteiten
https://digitaalerfgoed.poolparty.biz/nhaf/33bbb72c-0517-c446-cbb0-ca321400d900,circussen,http://data.beeldengeluid.nl/gtaa/28533,Onderwerpen,Circus,Activiteiten
https://digitaalerfgoed.poolparty.biz/nhaf/ef09a7ee-bb8a-090d-322f-a002cd3c68bc,concerten,http://data.beeldengeluid.nl/gtaa/25150,Onderwerpen,Concerten,Activiteiten
https://digitaalerfgoed.poolparty.biz/nhaf/642512e1-f596-ffde-8a17-620ba5408dd8,cricket,http://data.beeldengeluid.nl/gtaa/25464,Onderwerpen,Cricket,Activiteiten
https://digitaalerfgoed.poolparty.biz/nhaf/c775c726-d858-e8f8-147c-d59d21192a8b,cursussen,http://data.beeldengeluid.nl/gtaa/25469,Onderwerpen,Cursussen,Activiteiten
https://digitaalerfgoed.poolparty.biz/nhaf/640ad04b-c195-0619-ab6f-6096480ed835,Damesbeurs,http://data.beeldengeluid.nl/gtaa/51098,Namen,Damesbeurs,Activiteiten
https://digitaalerfgoed.poolparty.biz/nhaf/28c5e59a-097e-df75-3665-d2eb584141ac,dammen,http://data.beeldengeluid.nl/gtaa/28511,Onderwerpen,Dammen,Activiteiten
https://digitaalerfgoed.poolparty.biz/nhaf/6093787d-be5b-bb0e-49b7-08151607d8a5,dansen,http://data.beeldengeluid.nl/gtaa/25478,Onderwerpen,Dansen,Activiteiten
https://digitaalerfgoed.poolparty.biz/nhaf/2bf63fc5-abe1-4a57-5f9b-bd5759377cfe,distributie,http://data.beeldengeluid.nl/gtaa/25532,Onderwerpen,Distributie,Activiteiten
https://digitaalerfgoed.poolparty.biz/nhaf/0b05ee14-3a84-6660-cd3c-9cd167744303,dodenherdenkingen,http://data.beeldengeluid.nl/gtaa/28592,Onderwerpen,Dodenherdenking,Activiteiten
https://digitaalerfgoed.poolparty.biz/nhaf/616c9cf9-130d-93e3-22df-2ce763cd1fda,dodenherdenkingen,http://data.beeldengeluid.nl/gtaa/28592,Onderwerpen,Dodenherdenking,Activiteiten
https://digitaalerfgoed.poolparty.biz/nhaf/66e86d17-8bdb-96f5-9fcd-5f8f7e51e578,EHBO,http://data.beeldengeluid.nl/gtaa/28607,Onderwerpen,EHBO,Activiteiten
https://digitaalerfgoed.poolparty.biz/nhaf/eef34aa7-1194-e9f2-7819-076a1c6c4b10,emigratie,http://data.beeldengeluid.nl/gtaa/25616,Onderwerpen,Emigratie,Activiteiten
https://digitaalerfgoed.poolparty.biz/nhaf/f5482674-dd0d-829a-b257-6717a9600ec3,evangelisatie,http://data.beeldengeluid.nl/gtaa/25648,Onderwerpen,Evangelisatie,Activiteiten
https://digitaalerfgoed.poolparty.biz/nhaf/a4b05f00-565f-489c-bfe1-ae0e452a5408,feestdagen,http://data.beeldengeluid.nl/gtaa/28559,Onderwerpen,Feestdagen,Activiteiten
https://digitaalerfgoed.poolparty.biz/nhaf/729f19dd-ed0b-e608-c04d-7ad386244d97,feesten,http://data.beeldengeluid.nl/gtaa/28560,Onderwerpen,Feesten,Activiteiten
https://digitaalerfgoed.poolparty.biz/nhaf/ac9f95b1-a620-f579-b493-22d462ed76f3,fotografie,http://data.beeldengeluid.nl/gtaa/28568,Onderwerpen,Fotografie,Activiteiten
https://digitaalerfgoed.poolparty.biz/nhaf/d91054c0-b007-65e8-1f70-2300b47f1cc8,fysiotherapie,http://data.beeldengeluid.nl/gtaa/25719,Onderwerpen,Fysiotherapie,Activiteiten
https://digitaalerfgoed.poolparty.biz/nhaf/1349f0c7-3cb4-d5ac-572f-6e1bed7b402c,geboorten,http://data.beeldengeluid.nl/gtaa/28321,Onderwerpen,Geboorte,Activiteiten
https://digitaalerfgoed.poolparty.biz/nhaf/d45ee2fe-4b82-016a-d771-21e3151a8e93,geologie,http://data.beeldengeluid.nl/gtaa/28636,Onderwerpen,Geologie,Activiteiten
https://digitaalerfgoed.poolparty.biz/nhaf/91f5d2c6-c779-a740-aaaf-41cb36ffc75c,gewichtheffen,http://data.beeldengeluid.nl/gtaa/25769,Onderwerpen,Gewichtheffen,Activiteiten
https://digitaalerfgoed.poolparty.biz/nhaf/9caff01d-3536-2f14-1801-23ab6d8a32ed,gijzelingen,http://data.beeldengeluid.nl/gtaa/28058,Onderwerpen,Gijzeling,Activiteiten
https://digitaalerfgoed.poolparty.biz/nhaf/e576e412-a589-f059-a553-3f2655133f8c,kansspelen,http://data.beeldengeluid.nl/gtaa/28438,Onderwerpen,Gokken,Activiteiten
https://digitaalerfgoed.poolparty.biz/nhaf/9271fe28-9451-7253-8c2f-079a8c84cfa6,goochelaars,http://data.beeldengeluid.nl/gtaa/27551,Onderwerpen,Goochelen,Activiteiten
https://digitaalerfgoed.poolparty.biz/nhaf/09b7d398-6816-8fa4-fcaa-8f9b4d61fd26,grafschennis,http://data.beeldengeluid.nl/gtaa/25806,Onderwerpen,Grafschennis,Activiteiten
https://digitaalerfgoed.poolparty.biz/nhaf/41e24dc8-f1f0-a7a3-0d83-a87b6f2428b6,Grand Prix,http://data.beeldengeluid.nl/gtaa/55006,Namen,Grand prix,Activiteiten
https://digitaalerfgoed.poolparty.biz/nhaf/9e4b86e3-f8c9-2beb-64c6-892eb583fb7d,gymnastiek,http://data.beeldengeluid.nl/gtaa/28302,Onderwerpen,Gymnastiek,Activiteiten
https://digitaalerfgoed.poolparty.biz/nhaf/643f2814-0b43-f02a-7de4-ece8590867c3,handbal,http://data.beeldengeluid.nl/gtaa/25834,Onderwerpen,Handbal,Activiteiten
https://digitaalerfgoed.poolparty.biz/nhaf/5d102517-d1fa-cada-9782-d6119532b79c,hardlopen,http://data.beeldengeluid.nl/gtaa/29684,Onderwerpen,Hardlopen,Activiteiten
https://digitaalerfgoed.poolparty.biz/nhaf/bb5754c8-6f3d-35e6-0069-ab75957fdf0b,Hartewensfestival,http://data.beeldengeluid.nl/gtaa/55594,Namen,Hartewensfestival,Activiteiten
https://digitaalerfgoed.poolparty.biz/nhaf/b9f9fe90-413d-d57c-1070-14801837b852,hoorzittingen,http://data.beeldengeluid.nl/gtaa/25902,Onderwerpen,Hearing,Activiteiten
https://digitaalerfgoed.poolparty.biz/nhaf/0e9d5791-1931-b52a-0865-7dc632829d17,heien,http://data.beeldengeluid.nl/gtaa/25855,Onderwerpen,Heien,Activiteiten
https://digitaalerfgoed.poolparty.biz/nhaf/a728702c-c80f-89bc-2f73-c81def1157da,herdenkingen,http://data.beeldengeluid.nl/gtaa/28238,Onderwerpen,Herdenkingen,Activiteiten
https://digitaalerfgoed.poolparty.biz/nhaf/b2dd32ec-7e30-8de6-a0fb-fba6eb1315ab,herdenkingen,http://data.beeldengeluid.nl/gtaa/28238,Onderwerpen,Herdenkingen,Activiteiten
https://digitaalerfgoed.poolparty.biz/nhaf/976d057f-96c8-e6a0-a4ef-52b6a2762d74,geschiedenis,http://data.beeldengeluid.nl/gtaa/28317,Onderwerpen,Historie,Activiteiten
https://digitaalerfgoed.poolparty.biz/nhaf/46308570-9fe4-06ad-6c7c-0a962497c1c5,hockey,http://data.beeldengeluid.nl/gtaa/28298,Onderwerpen,Hockey,Activiteiten
https://digitaalerfgoed.poolparty.biz/nhaf/cc731f10-b951-b069-695a-5ffc7ba553b6,Hongerwinter,http://data.beeldengeluid.nl/gtaa/56473,Namen,Hongerwinter,Activiteiten
https://digitaalerfgoed.poolparty.biz/nhaf/50043426-3351-e935-7b5e-dd780f536c2f,honkbal,http://data.beeldengeluid.nl/gtaa/28456,Onderwerpen,Honkbal,Activiteiten
https://digitaalerfgoed.poolparty.biz/nhaf/c5763b1e-7e69-f9e9-fd5a-c3bcd2374481,honkbal,http://data.beeldengeluid.nl/gtaa/28456,Onderwerpen,Honkbal,Activiteiten
https://digitaalerfgoed.poolparty.biz/nhaf/acd4851c-ce55-6101-95cf-7295c8caaf17,hoorzittingen,http://data.beeldengeluid.nl/gtaa/25902,Onderwerpen,Hoorzitting,Activiteiten
https://digitaalerfgoed.poolparty.biz/nhaf/b18faeae-d63f-c25c-f21f-054599845a7f,huishouding,http://data.beeldengeluid.nl/gtaa/28445,Onderwerpen,Huishouding,Activiteiten
https://digitaalerfgoed.poolparty.biz/nhaf/34ca3e55-e0ea-1546-964c-0e21b36922b4,huisuitzettingen,http://data.beeldengeluid.nl/gtaa/25926,Onderwerpen,Huisuitzetting,Activiteiten
https://digitaalerfgoed.poolparty.biz/nhaf/36f39aa2-101f-3359-ad55-14ba0b4701e0,huldigingen,http://data.beeldengeluid.nl/gtaa/28449,Onderwerpen,Huldiging,Activiteiten
https://digitaalerfgoed.poolparty.biz/nhaf/f490b647-edbd-c995-f397-c09ea88d1d13,huwelijken,http://data.beeldengeluid.nl/gtaa/28452,Onderwerpen,Huwelijk,Activiteiten
https://digitaalerfgoed.poolparty.biz/nhaf/377742b1-dafd-b3ee-8e37-808d420581a1,ijken,http://data.beeldengeluid.nl/gtaa/25947,Onderwerpen,IJken,Activiteiten
https://digitaalerfgoed.poolparty.biz/nhaf/0c68c7c6-df20-bf3b-cee6-783f3e77f527,inzamelingen,http://data.beeldengeluid.nl/gtaa/29897,Onderwerpen,Inzameling,Activiteiten
https://digitaalerfgoed.poolparty.biz/nhaf/e6eb450a-9e5f-dbcb-df6a-cbba612782c1,Jaarbeurs,http://data.beeldengeluid.nl/gtaa/57579,Namen,Jaarbeurs,Activiteiten
https://digitaalerfgoed.poolparty.biz/nhaf/98c30374-e95d-4522-8d75-5282cfe5e6e7,jeu de boules,http://data.beeldengeluid.nl/gtaa/28918,Onderwerpen,Jeu de Boule,Activiteiten
https://digitaalerfgoed.poolparty.biz/nhaf/e181be9a-d2dd-fa02-0db0-8b39886095a5,judo,http://data.beeldengeluid.nl/gtaa/26016,Onderwerpen,Judo,Activiteiten
https://digitaalerfgoed.poolparty.biz/nhaf/de330aa8-cb05-00fe-57df-b8f6f7c852e0,kabouters,http://data.beeldengeluid.nl/gtaa/26025,Onderwerpen,Kabouters,Activiteiten
https://digitaalerfgoed.poolparty.biz/nhaf/c2211159-d2a5-1336-ab7c-b0d8e88ebec9,kantklossen,http://data.beeldengeluid.nl/gtaa/26039,Onderwerpen,Kantklossen,Activiteiten
https://digitaalerfgoed.poolparty.biz/nhaf/f40d55c7-5ae8-95a7-71dc-d637470efe29,karate,http://data.beeldengeluid.nl/gtaa/28794,Onderwerpen,Karate,Activiteiten
https://digitaalerfgoed.poolparty.biz/nhaf/0178dad4-8de1-2926-124e-08c1ab20fe24,kegelen,http://data.beeldengeluid.nl/gtaa/29679,Onderwerpen,Kegelen,Activiteiten
https://digitaalerfgoed.poolparty.biz/nhaf/9096cf53-c1d2-a4d4-cee8-de49d1d0df25,kerstspelen,http://data.beeldengeluid.nl/gtaa/26059,Onderwerpen,Kerstspel,Activiteiten
https://digitaalerfgoed.poolparty.biz/nhaf/2f5ce76b-e53a-a8c2-c0ae-3706da585e4c,keuringen,http://data.beeldengeluid.nl/gtaa/29050,Onderwerpen,Keuringen,Activiteiten
https://digitaalerfgoed.poolparty.biz/nhaf/0c3e611e-6846-464d-92ad-a8f807654c90,voedselbereiding,http://data.beeldengeluid.nl/gtaa/27818,Onderwerpen,Koken,Activiteiten
https://digitaalerfgoed.poolparty.biz/nhaf/ca607dee-3019-d09c-67a7-00fdbe60bd0a,Koninginnedag,http://data.beeldengeluid.nl/gtaa/56901,Namen,Koninginnedag,Activiteiten
https://digitaalerfgoed.poolparty.biz/nhaf/8e7e5aa8-2acf-1f4d-127f-cb1fd255de38,korfbal,http://data.beeldengeluid.nl/gtaa/28838,Onderwerpen,Korfbal,Activiteiten
https://digitaalerfgoed.poolparty.biz/nhaf/6b33a59a-28c3-a4e8-64de-57742497241f,kransleggingen,http://data.beeldengeluid.nl/gtaa/27880,Onderwerpen,Kranslegging,Activiteiten
https://digitaalerfgoed.poolparty.biz/nhaf/ff912b2d-12c5-63f4-7f1a-19a3c23389ea,laden en lossen,http://data.beeldengeluid.nl/gtaa/29358,Onderwerpen,Laden en lossen,Activiteiten
https://digitaalerfgoed.poolparty.biz/nhaf/f159769c-6d58-397b-0d9b-c509ccbfc940,landbouw,http://data.beeldengeluid.nl/gtaa/27162,Onderwerpen,Landbouw,Activiteiten
https://digitaalerfgoed.poolparty.biz/nhaf/2c502f9c-9b95-4d4e-c65c-2a1827b2c1e7,literatuur,http://data.beeldengeluid.nl/gtaa/27183,Onderwerpen,Letterkunde,Activiteiten
https://digitaalerfgoed.poolparty.biz/nhaf/449b7435-9f0f-c3e9-ecb5-12366dc10c29,loterijen,http://data.beeldengeluid.nl/gtaa/27168,Onderwerpen,Loterij,Activiteiten
https://digitaalerfgoed.poolparty.biz/nhaf/a0ac070d-2a1e-c937-9495-34172bafc0c2,maansverduisteringen,http://data.beeldengeluid.nl/gtaa/26202,Onderwerpen,Maansverduistering,Activiteiten
https://digitaalerfgoed.poolparty.biz/nhaf/c13a547b-276a-e28c-5833-7c1889774181,markten,http://data.beeldengeluid.nl/gtaa/27763,Onderwerpen,Markt,Activiteiten
https://digitaalerfgoed.poolparty.biz/nhaf/54b3a5ef-e246-ba05-707e-1f5683b52cfa,modeshows,http://data.beeldengeluid.nl/gtaa/26317,Onderwerpen,Modeshow,Activiteiten
https://digitaalerfgoed.poolparty.biz/nhaf/7bf79f02-108d-d55d-50fc-21af38f6f60e,musicals,http://data.beeldengeluid.nl/gtaa/27736,Onderwerpen,Musical,Activiteiten
https://digitaalerfgoed.poolparty.biz/nhaf/33860522-d3e3-2ccb-d38d-7ef0f6545c8a,natuurbeheer,http://data.beeldengeluid.nl/gtaa/27680,Onderwerpen,Natuurbescherming,Activiteiten
https://digitaalerfgoed.poolparty.biz/nhaf/97063503-0069-dbce-e0f5-39d3fc7cb02c,natuurkunde,http://data.beeldengeluid.nl/gtaa/28621,Onderwerpen,Natuurkunde,Activiteiten
https://digitaalerfgoed.poolparty.biz/nhaf/20ee3449-a398-4cc7-8c79-5dee4bc0aef3,natuurverschijnselen,http://data.beeldengeluid.nl/gtaa/28766,Onderwerpen,Natuurverschijnselen,Activiteiten
https://digitaalerfgoed.poolparty.biz/nhaf/0fb04cf5-f9d1-c272-398a-361f20bec43b,jaarwisselingen,http://data.beeldengeluid.nl/gtaa/26002,Onderwerpen,Nieuwjaar,Activiteiten
https://digitaalerfgoed.poolparty.biz/nhaf/05c2d7f7-6ed5-1260-1195-3cd79c8ad2df,Olympische Dag,http://data.beeldengeluid.nl/gtaa/64742,Namen,Olympische dag,Activiteiten
https://digitaalerfgoed.poolparty.biz/nhaf/68ace41b-7534-5f13-d068-7ffa7103fc64,Olympische Spelen,http://data.beeldengeluid.nl/gtaa/64744,Namen,Olympische spelen,Activiteiten
https://digitaalerfgoed.poolparty.biz/nhaf/9716f421-b90f-02dc-08d0-96770855b673,onderscheidingen,http://data.beeldengeluid.nl/gtaa/28217,Onderwerpen,Onderscheidingen,Activiteiten
https://digitaalerfgoed.poolparty.biz/nhaf/9f7a629e-419a-5ecd-119d-3aabea49508c,onderzoek,http://data.beeldengeluid.nl/gtaa/27886,Onderwerpen,Onderzoek,Activiteiten
https://digitaalerfgoed.poolparty.biz/nhaf/db576234-1d7d-d859-69e5-4fc699a16ae7,onthullingen,http://data.beeldengeluid.nl/gtaa/28650,Onderwerpen,Onthullingen,Activiteiten
https://digitaalerfgoed.poolparty.biz/nhaf/91263985-d42b-645e-8f21-30135da30be9,explosies,http://data.beeldengeluid.nl/gtaa/25659,Onderwerpen,Ontploffingen,Activiteiten
https://digitaalerfgoed.poolparty.biz/nhaf/34e0f4ba-f029-52ff-840b-f1c55f9b4556,ontruimingen,http://data.beeldengeluid.nl/gtaa/26428,Onderwerpen,Ontruiming,Activiteiten
https://digitaalerfgoed.poolparty.biz/nhaf/958a8ff2-29d2-0d65-34a2-2bb2c9ffc6c0,audiënties,http://data.beeldengeluid.nl/gtaa/27096,Onderwerpen,Ontvangsten,Activiteiten
https://digitaalerfgoed.poolparty.biz/nhaf/1a14b809-4170-a004-7a8d-039424949bca,ontvoeringen,http://data.beeldengeluid.nl/gtaa/26431,Onderwerpen,Ontvoeringen,Activiteiten
https://digitaalerfgoed.poolparty.biz/nhaf/fcc58a23-d801-1b48-f0db-ff0f77cdc363,opgravingen,http://data.beeldengeluid.nl/gtaa/29237,Onderwerpen,Opgravingen,Activiteiten
https://digitaalerfgoed.poolparty.biz/nhaf/e6b222b6-462d-ae5e-6861-2b887f584ef3,optochten,http://data.beeldengeluid.nl/gtaa/26446,Onderwerpen,Optochten,Activiteiten
https://digitaalerfgoed.poolparty.biz/nhaf/434902e7-a1be-6b2f-937c-049323a0af20,archeologie,http://data.beeldengeluid.nl/gtaa/25384,Onderwerpen,Oudheidkunde,Activiteiten
https://digitaalerfgoed.poolparty.biz/nhaf/dd0d3fb5-c497-cb7a-7318-67d7f85bae5b,overlevingstochten,http://data.beeldengeluid.nl/gtaa/26471,Onderwerpen,Overlevingstocht,Activiteiten
https://digitaalerfgoed.poolparty.biz/nhaf/1d4a51ca-e5a7-9373-5374-7e44a12857bf,overstromingen,http://data.beeldengeluid.nl/gtaa/25247,Onderwerpen,Overstromingen,Activiteiten
https://digitaalerfgoed.poolparty.biz/nhaf/d89e1352-792a-ce37-3a86-1377a23144a5,overvallen,http://data.beeldengeluid.nl/gtaa/29005,Onderwerpen,"Overval, overvallen",Activiteiten
https://digitaalerfgoed.poolparty.biz/nhaf/2506d80e-71e8-fae0-546a-8e2487a1b24a,picknicks,http://data.beeldengeluid.nl/gtaa/29009,Onderwerpen,Picknicken,Activiteiten
https://digitaalerfgoed.poolparty.biz/nhaf/8d6a347d-af9b-fb04-ab51-b1aefac3a2e7,Politiek Café,http://data.beeldengeluid.nl/gtaa/65944,Namen,Politiek café,Activiteiten
https://digitaalerfgoed.poolparty.biz/nhaf/25c10690-73ea-5278-e5ac-f97419a9d873,prijsuitreikingen,http://data.beeldengeluid.nl/gtaa/27146,Onderwerpen,Prijsuitreiking,Activiteiten
https://digitaalerfgoed.poolparty.biz/nhaf/9ba0f0f4-534a-9427-506e-7cdba687ba03,prostitutie,http://data.beeldengeluid.nl/gtaa/26571,Onderwerpen,Prostitutie,Activiteiten
https://digitaalerfgoed.poolparty.biz/nhaf/6c291529-1d3b-6d7a-8334-dc83fea8f3ba,radar,http://data.beeldengeluid.nl/gtaa/27107,Onderwerpen,Radar,Activiteiten
https://digitaalerfgoed.poolparty.biz/nhaf/d2c2e0cb-e2a4-9e86-3da8-68a31f28b960,radio,http://data.beeldengeluid.nl/gtaa/28218,Onderwerpen,Radio,Activiteiten
https://digitaalerfgoed.poolparty.biz/nhaf/44a3c3b9-6eb1-f28a-b5b9-24e5a4ce6219,rampen,http://data.beeldengeluid.nl/gtaa/27106,Onderwerpen,Rampen,Activiteiten
https://digitaalerfgoed.poolparty.biz/nhaf/3e9d3fb0-7a43-6d90-31c1-2fb256c68bce,recepties,http://data.beeldengeluid.nl/gtaa/26603,Onderwerpen,Recepties,Activiteiten
https://digitaalerfgoed.poolparty.biz/nhaf/5ebc0f8b-0522-079d-1459-4bdd56200b6d,recepties,http://data.beeldengeluid.nl/gtaa/26603,Onderwerpen,Recepties,Activiteiten
https://digitaalerfgoed.poolparty.biz/nhaf/83ecd2e3-a005-bde8-2f44-6bf6861cd462,reclame,http://data.beeldengeluid.nl/gtaa/26609,Onderwerpen,Reclame,Activiteiten
https://digitaalerfgoed.poolparty.biz/nhaf/d98e69ea-1a2a-3297-5031-49d135afd7b9,schoonmaken,http://data.beeldengeluid.nl/gtaa/27117,Onderwerpen,Reiniging,Activiteiten
https://digitaalerfgoed.poolparty.biz/nhaf/c38082e7-90e8-84c2-5df2-d66f2c20548d,reizen,http://data.beeldengeluid.nl/gtaa/28539,Onderwerpen,Reizen,Activiteiten
https://digitaalerfgoed.poolparty.biz/nhaf/c75d141b-5587-f3b1-de22-302622eede43,ringsteken,http://data.beeldengeluid.nl/gtaa/29537,Onderwerpen,Ringsteken,Activiteiten
https://digitaalerfgoed.poolparty.biz/nhaf/a20041c9-4697-824d-2608-97f759267c36,roken,http://data.beeldengeluid.nl/gtaa/25211,Onderwerpen,Roken,Activiteiten
https://digitaalerfgoed.poolparty.biz/nhaf/427b14c4-01cc-cf48-faee-b4eb4ee45df7,rolschaatsen,http://data.beeldengeluid.nl/gtaa/25213,Onderwerpen,Rolschaatsen,Activiteiten
https://digitaalerfgoed.poolparty.biz/nhaf/b19d0422-62ff-3204-58c2-8695b0836cd7,rugby,http://data.beeldengeluid.nl/gtaa/25227,Onderwerpen,Rugby,Activiteiten
https://digitaalerfgoed.poolparty.biz/nhaf/d34cf1b5-8e8f-38e1-da48-582a62180b21,ruimtevaart,http://data.beeldengeluid.nl/gtaa/28130,Onderwerpen,Ruimtevaart,Activiteiten
https://digitaalerfgoed.poolparty.biz/nhaf/73715e74-9848-9b2c-f0e3-81b1a5ac6caf,scheepsbouw,http://data.beeldengeluid.nl/gtaa/28148,Onderwerpen,"Scheepsbouw, scheepsvaart",Activiteiten
https://digitaalerfgoed.poolparty.biz/nhaf/fed306a0-377e-e7ca-f893-75fe7b4c15f5,scheepsongevallen,http://data.beeldengeluid.nl/gtaa/29020,Onderwerpen,Scheepsrampen,Activiteiten
https://digitaalerfgoed.poolparty.biz/nhaf/b2fead6c-ebd8-d43f-9781-270986eed081,schermen,http://data.beeldengeluid.nl/gtaa/28683,Onderwerpen,Schermen,Activiteiten
https://digitaalerfgoed.poolparty.biz/nhaf/bb086ff1-310b-3dee-a360-fb0a7febdcca,schieten,http://data.beeldengeluid.nl/gtaa/29810,Onderwerpen,Schieten,Activiteiten
https://digitaalerfgoed.poolparty.biz/nhaf/5f31f945-9b3e-dcdf-cb6a-60d3c5b14af5,schoonmaken,http://data.beeldengeluid.nl/gtaa/27117,Onderwerpen,Schoonmaak,Activiteiten
https://digitaalerfgoed.poolparty.biz/nhaf/5cf158d2-6ac9-d0b5-da39-4373beb57ed2,seksualiteit,http://data.beeldengeluid.nl/gtaa/28245,Onderwerpen,Seks,Activiteiten
https://digitaalerfgoed.poolparty.biz/nhaf/79e05795-88f0-c503-7b90-aa26a9d62b48,sjoelen,http://data.beeldengeluid.nl/gtaa/26719,Onderwerpen,Sjoelen,Activiteiten
https://digitaalerfgoed.poolparty.biz/nhaf/17dd2634-8a18-91aa-638b-4ca4e6b0015e,karting,http://data.beeldengeluid.nl/gtaa/28798,Onderwerpen,Skelteren,Activiteiten
https://digitaalerfgoed.poolparty.biz/nhaf/645119a3-c8df-e654-fd07-3463e607890b,slapen,http://data.beeldengeluid.nl/gtaa/26730,Onderwerpen,Slapen,Activiteiten
https://digitaalerfgoed.poolparty.biz/nhaf/c3c484f2-e53e-f6d4-5bd5-b35cdce8f51c,smokkelen,http://data.beeldengeluid.nl/gtaa/26747,Onderwerpen,Smokkel,Activiteiten
https://digitaalerfgoed.poolparty.biz/nhaf/bddc08ff-09bb-7115-07d9-c6aeb227733b,softbal,http://data.beeldengeluid.nl/gtaa/27631,Onderwerpen,Softbal,Activiteiten
https://digitaalerfgoed.poolparty.biz/nhaf/3691ce7e-4321-4d91-8b0f-67c0dff29ffa,sport,http://data.beeldengeluid.nl/gtaa/28181,Onderwerpen,Sport,Activiteiten
https://digitaalerfgoed.poolparty.biz/nhaf/38cc33e5-3969-becc-bcdf-a21d36d9a6e9,squash,http://data.beeldengeluid.nl/gtaa/26800,Onderwerpen,Squash,Activiteiten
https://digitaalerfgoed.poolparty.biz/nhaf/58cea8b5-6635-ade1-b36e-bc4727eeb23d,stakingen,http://data.beeldengeluid.nl/gtaa/28011,Onderwerpen,Stakingen,Activiteiten
https://digitaalerfgoed.poolparty.biz/nhaf/2225cca4-fec9-1393-4759-b9314a066197,stemmen,http://data.beeldengeluid.nl/gtaa/29803,Onderwerpen,Stemmen,Activiteiten
https://digitaalerfgoed.poolparty.biz/nhaf/0822a5b3-84b2-e8a9-a1e3-99389ee4f09b,stierengevechten,http://data.beeldengeluid.nl/gtaa/26837,Onderwerpen,Stierengevechten,Activiteiten
https://digitaalerfgoed.poolparty.biz/nhaf/666dae1d-5469-e778-e528-54ba0cb9215c,Stille Omgang,http://data.beeldengeluid.nl/gtaa/69818,Namen,Stille omgang,Activiteiten
https://digitaalerfgoed.poolparty.biz/nhaf/03a0b93f-9aad-700b-c88b-30fd6a8765ea,stormschade,http://data.beeldengeluid.nl/gtaa/30065,Onderwerpen,Storm en stormschade,Activiteiten
https://digitaalerfgoed.poolparty.biz/nhaf/08c18c62-5d8f-0b52-8d89-685c4a64f783,straatvoetbal,http://data.beeldengeluid.nl/gtaa/26851,Onderwerpen,Straatvoetbal,Activiteiten
https://digitaalerfgoed.poolparty.biz/nhaf/69245251-57e7-edd6-900f-63687012cb71,scheepsongevallen,http://data.beeldengeluid.nl/gtaa/29020,Onderwerpen,Stranding,Activiteiten
https://digitaalerfgoed.poolparty.biz/nhaf/f84a6637-e6f2-f040-3e2a-ace2712d5b97,stunts,http://data.beeldengeluid.nl/gtaa/26868,Onderwerpen,Stunt,Activiteiten
https://digitaalerfgoed.poolparty.biz/nhaf/443f950d-4e28-c75c-1e5e-f36f411d4728,surfen,http://data.beeldengeluid.nl/gtaa/236835,Onderwerpen,Surfen,Activiteiten
https://digitaalerfgoed.poolparty.biz/nhaf/1fade391-ead1-d294-ccdb-10b3468ca01a,tafeltennis,http://data.beeldengeluid.nl/gtaa/26887,Onderwerpen,Tafeltennis,Activiteiten
https://digitaalerfgoed.poolparty.biz/nhaf/94581c4e-a3b0-20b4-2a61-311f0cee2b2c,Taptoe,http://data.beeldengeluid.nl/gtaa/71029,Namen,Taptoe,Activiteiten
https://digitaalerfgoed.poolparty.biz/nhaf/e6388dbe-609e-5656-8016-dd04bb3d0b7d,tekeningen,http://data.beeldengeluid.nl/gtaa/29036,Onderwerpen,"Tekenen, tekeningen",Activiteiten
https://digitaalerfgoed.poolparty.biz/nhaf/017d5aa0-6a70-96b1-7fbd-a5bd21b5c5b6,televisie,http://data.beeldengeluid.nl/gtaa/28227,Onderwerpen,Televisie,Activiteiten
https://digitaalerfgoed.poolparty.biz/nhaf/2f4ae1b4-a84c-c633-4785-0c80b191e539,tennis,http://data.beeldengeluid.nl/gtaa/28155,Onderwerpen,Tennis,Activiteiten
https://digitaalerfgoed.poolparty.biz/nhaf/0a6565e5-5dc8-bf4c-dedb-a9e47e6c6858,tentoonstellingen,http://data.beeldengeluid.nl/gtaa/27108,Onderwerpen,Tentoonstellingen,Activiteiten
https://digitaalerfgoed.poolparty.biz/nhaf/fab1278a-8f1d-5a50-a832-bb23e8e05db0,toespraken,http://data.beeldengeluid.nl/gtaa/28250,Onderwerpen,Toespraak,Activiteiten
https://digitaalerfgoed.poolparty.biz/nhaf/ca8cab9c-90d7-2142-8031-e9725aa0eacc,toneel,http://data.beeldengeluid.nl/gtaa/26944,Onderwerpen,Toneel,Activiteiten
https://digitaalerfgoed.poolparty.biz/nhaf/14ec562d-812e-93f7-ee94-787e5b576c4f,touwtrekken,http://data.beeldengeluid.nl/gtaa/28928,Onderwerpen,Touwtrekken,Activiteiten
https://digitaalerfgoed.poolparty.biz/nhaf/6f41d4d8-d6aa-ea74-b1c2-3ecef93a2e94,tribunalen,http://data.beeldengeluid.nl/gtaa/26961,Onderwerpen,Tribunaal,Activiteiten
https://digitaalerfgoed.poolparty.biz/nhaf/4520307d-7df6-dee5-78ca-798f08dc376c,jogging,http://data.beeldengeluid.nl/gtaa/28679,Onderwerpen,Trimmen,Activiteiten
https://digitaalerfgoed.poolparty.biz/nhaf/161e9891-4ffe-5246-d6fe-31a00cfed16f,tuinbouw,http://data.beeldengeluid.nl/gtaa/28013,Onderwerpen,Tuinbouw,Activiteiten
https://digitaalerfgoed.poolparty.biz/nhaf/7f08c13c-8f02-8659-5387-f8579d186202,turnen,http://data.beeldengeluid.nl/gtaa/26979,Onderwerpen,Turnen,Activiteiten
https://digitaalerfgoed.poolparty.biz/nhaf/3c216b4b-d6e0-b175-3a0c-66afed264d26,veeteelt,http://data.beeldengeluid.nl/gtaa/27828,Onderwerpen,Veeteelt,Activiteiten
https://digitaalerfgoed.poolparty.biz/nhaf/6138ef26-6576-8802-7927-993265840642,veilingen,http://data.beeldengeluid.nl/gtaa/27209,Onderwerpen,Veiling,Activiteiten
https://digitaalerfgoed.poolparty.biz/nhaf/2d0da0b9-fb9a-29d6-2ac7-6e7d4c5d773d,verbouwingen,http://data.beeldengeluid.nl/gtaa/27217,Onderwerpen,Verbouwingen,Activiteiten
https://digitaalerfgoed.poolparty.biz/nhaf/5e3320e0-1dbe-9c37-e34b-83fee299dbe3,vergaderingen,http://data.beeldengeluid.nl/gtaa/27222,Onderwerpen,Vergaderingen,Activiteiten
https://digitaalerfgoed.poolparty.biz/nhaf/768413ca-bdf8-a3d7-59dc-d1bf201735b7,verhuizingen,http://data.beeldengeluid.nl/gtaa/27226,Onderwerpen,Verhuizing,Activiteiten
https://digitaalerfgoed.poolparty.biz/nhaf/51e7a518-a4c2-23de-f76e-89baa1ce159d,verjaardagen,http://data.beeldengeluid.nl/gtaa/27848,Onderwerpen,Verjaardagen,Activiteiten
https://digitaalerfgoed.poolparty.biz/nhaf/8a2272ff-0afc-f10f-463a-5b2747480097,verkiezingen,http://data.beeldengeluid.nl/gtaa/28035,Onderwerpen,Verkiezingen,Activiteiten
https://digitaalerfgoed.poolparty.biz/nhaf/c95672b2-cf47-5e28-c998-24d23bdf3938,aankomst en vertrek,http://data.beeldengeluid.nl/gtaa/29353,Onderwerpen,Vertrek,Activiteiten
https://digitaalerfgoed.poolparty.biz/nhaf/27f80da9-8cff-7a8e-529f-1fa524965202,verzet,http://data.beeldengeluid.nl/gtaa/27823,Onderwerpen,Verzet,Activiteiten
https://digitaalerfgoed.poolparty.biz/nhaf/eb60a9e8-1a30-a0bc-a94f-23bf0b724177,video,http://data.beeldengeluid.nl/gtaa/27806,Onderwerpen,Video,Activiteiten
https://digitaalerfgoed.poolparty.biz/nhaf/26c7e9ae-8270-9821-4f4f-9bf7d50bdf21,vlaggetjesdag,http://data.beeldengeluid.nl/gtaa/72295,Namen,Vlaggetjesdag,Activiteiten
https://digitaalerfgoed.poolparty.biz/nhaf/59f6c55a-46bb-0d24-e0b9-fbfafe653be9,voetbal,http://data.beeldengeluid.nl/gtaa/27291,Onderwerpen,Voetbal,Activiteiten
https://digitaalerfgoed.poolparty.biz/nhaf/7a073568-0b77-6650-98c4-83ba0b8de48a,volksdansen,http://data.beeldengeluid.nl/gtaa/27808,Onderwerpen,Volksdansen,Activiteiten
https://digitaalerfgoed.poolparty.biz/nhaf/9e7447e6-406c-03a9-9daf-483e89b0135e,vrijwilligers,http://data.beeldengeluid.nl/gtaa/27730,Onderwerpen,Vrijwilligerswerk,Activiteiten
https://digitaalerfgoed.poolparty.biz/nhaf/68597653-812e-f537-6414-f466408f5d44,wandelen,http://data.beeldengeluid.nl/gtaa/27339,Onderwerpen,Wandelen,Activiteiten
https://digitaalerfgoed.poolparty.biz/nhaf/1ca00c61-758e-bd5e-d2a3-1cb8daaa542a,waterpolo,http://data.beeldengeluid.nl/gtaa/27357,Onderwerpen,Waterpolo,Activiteiten
https://digitaalerfgoed.poolparty.biz/nhaf/ff9b5ceb-c7bb-9a1c-ff55-1698ca4d7d5d,overstromingen,http://data.beeldengeluid.nl/gtaa/25247,Onderwerpen,Watersnood,Activiteiten
https://digitaalerfgoed.poolparty.biz/nhaf/be424045-4fb4-f372-922d-4dc3b9935229,watersporten,http://data.beeldengeluid.nl/gtaa/28913,Onderwerpen,Watersport,Activiteiten
https://digitaalerfgoed.poolparty.biz/nhaf/0e45a7d0-92ec-75ab-c57c-8465a41a693f,wedstrijden,http://data.beeldengeluid.nl/gtaa/27891,Onderwerpen,Wedstrijden,Activiteiten
https://digitaalerfgoed.poolparty.biz/nhaf/1aaf54c6-54b1-a8e0-6b33-7ad9a8e658fb,wielrennen,http://data.beeldengeluid.nl/gtaa/27759,Onderwerpen,Wielrennen,Activiteiten
https://digitaalerfgoed.poolparty.biz/nhaf/d2d2fe27-8d0c-f8fc-e280-3aadd98f2695,woningbouw,http://data.beeldengeluid.nl/gtaa/27415,Onderwerpen,Woningbouw,Activiteiten
https://digitaalerfgoed.poolparty.biz/nhaf/d31e0695-43a3-a701-7ef2-a7c4d68b25fe,workshops,http://data.beeldengeluid.nl/gtaa/27664,Onderwerpen,Workshop,Activiteiten
https://digitaalerfgoed.poolparty.biz/nhaf/04253d52-9c42-4d76-8404-cc36f567c1d0,worstelen,http://data.beeldengeluid.nl/gtaa/27852,Onderwerpen,Worstelen,Activiteiten
https://digitaalerfgoed.poolparty.biz/nhaf/ce2c2f39-ab08-e93b-9374-baa3847595f4,yoga,http://data.beeldengeluid.nl/gtaa/27428,Onderwerpen,Yoga,Activiteiten
https://digitaalerfgoed.poolparty.biz/nhaf/47812f74-f74a-f908-ec18-e7ca7a181a12,zaalvoetbal,http://data.beeldengeluid.nl/gtaa/28929,Onderwerpen,Zaalvoetbal,Activiteiten
https://digitaalerfgoed.poolparty.biz/nhaf/b6d9d75c-64d1-9708-4c64-0597815c16a9,zeilen,http://data.beeldengeluid.nl/gtaa/27857,Onderwerpen,Zeilen,Activiteiten
https://digitaalerfgoed.poolparty.biz/nhaf/e6ce4201-24ae-30aa-3dd5-8706469115ce,Zeskamp,http://data.beeldengeluid.nl/gtaa/74906,Namen,Zeskamp,Activiteiten
https://digitaalerfgoed.poolparty.biz/nhaf/3c02d331-095b-8506-27f0-f0293ebf05c0,Ziekenzorg,http://data.beeldengeluid.nl/gtaa/74943,Namen,Ziekenzorg,Activiteiten
https://digitaalerfgoed.poolparty.biz/nhaf/d26a8777-d356-7069-c69a-e760986210a0,zonsverduisteringen,http://data.beeldengeluid.nl/gtaa/27483,Onderwerpen,Zonsverduistering,Activiteiten
https://digitaalerfgoed.poolparty.biz/nhaf/501b417d-33a1-aed4-d944-59846f0970ae,zweefvliegen,http://data.beeldengeluid.nl/gtaa/27493,Onderwerpen,Zweefvliegen,Activiteiten
https://digitaalerfgoed.poolparty.biz/nhaf/52c21f5f-3d6f-2b17-89d2-319549b66c46,ANWB,http://data.beeldengeluid.nl/gtaa/46696,Namen,ANWB,Actoren
https://digitaalerfgoed.poolparty.biz/nhaf/1551ea89-8e81-db11-1721-598ef067da5c,acteurs,http://data.beeldengeluid.nl/gtaa/25190,Onderwerpen,Acteurs,Actoren
https://digitaalerfgoed.poolparty.biz/nhaf/6d4f25d2-8cc7-610d-8d73-5d1b0a22b0d1,diplomaten,http://data.beeldengeluid.nl/gtaa/28595,Onderwerpen,Ambassadeurs,Actoren
https://digitaalerfgoed.poolparty.biz/nhaf/ef7e1cae-149b-d5af-1ee4-1df5cb30295b,Amnesty International,http://data.beeldengeluid.nl/gtaa/46384,Namen,Amnesty International,Actoren
https://digitaalerfgoed.poolparty.biz/nhaf/20afdc0e-8082-61eb-0dbc-b5ef837f19d5,arbeiders,http://data.beeldengeluid.nl/gtaa/28048,Onderwerpen,Arbeiders,Actoren
https://digitaalerfgoed.poolparty.biz/nhaf/23b8730e-fb0d-f761-0faf-38e2fd0d1520,Arbeidsinspectie,http://data.beeldengeluid.nl/gtaa/46803,Namen,"Arbeidsbureau, Arbeidsinspectie",Actoren
https://digitaalerfgoed.poolparty.biz/nhaf/5b5200ec-a84a-883b-9798-e0d8c9a63778,architecten,http://data.beeldengeluid.nl/gtaa/25155,Onderwerpen,Architecten,Actoren
https://digitaalerfgoed.poolparty.biz/nhaf/0cdba90b-3b1a-c6a5-0ee1-ea803eafadeb,artiesten,http://data.beeldengeluid.nl/gtaa/28209,Onderwerpen,Artiesten,Actoren
https://digitaalerfgoed.poolparty.biz/nhaf/6c26deef-3efd-492d-b3b8-709b86955595,Artis,http://data.beeldengeluid.nl/gtaa/46943,Namen,Artis,Actoren
https://digitaalerfgoed.poolparty.biz/nhaf/c6974f3c-184d-911d-4544-1efd07fb147e,Ballast Nedam,http://data.beeldengeluid.nl/gtaa/47359,Namen,Ballast Nedam,Actoren
https://digitaalerfgoed.poolparty.biz/nhaf/43e9680d-944c-db1a-9d7e-47ec761a4b3b,bakkers,http://data.beeldengeluid.nl/gtaa/25427,Onderwerpen,Banketbakkers,Actoren
https://digitaalerfgoed.poolparty.biz/nhaf/fc1be50f-0f5f-b3cd-1e5c-a99937720014,beiaardiers,http://data.beeldengeluid.nl/gtaa/24939,Onderwerpen,Beiaardier,Actoren
https://digitaalerfgoed.poolparty.biz/nhaf/9c2a9d9c-513b-0898-6e24-472f1f90871e,BB,http://data.beeldengeluid.nl/gtaa/47563,Namen,Bescherming burgerbevolking,Actoren
https://digitaalerfgoed.poolparty.biz/nhaf/662bb44e-0536-0511-5e04-c2d3d9c69b9d,bijen,http://data.beeldengeluid.nl/gtaa/24979,Onderwerpen,Bijen,Actoren
https://digitaalerfgoed.poolparty.biz/nhaf/a636fb2c-d3e5-df4a-38ad-3d99fb5a46bc,Binnenlandse Strijdkrachten,http://data.beeldengeluid.nl/gtaa/48009,Namen,Binnenlandse strijdkrachten,Actoren
https://digitaalerfgoed.poolparty.biz/nhaf/366b2a44-2cf2-bbee-495b-6995137d7cb1,blinden,http://data.beeldengeluid.nl/gtaa/25286,Onderwerpen,Blinden,Actoren
https://digitaalerfgoed.poolparty.biz/nhaf/06f2327c-71c1-1502-73c7-7ace0d63ed0d,bloemen,http://data.beeldengeluid.nl/gtaa/25289,Onderwerpen,Bloemen,Actoren
https://digitaalerfgoed.poolparty.biz/nhaf/beb0a4d2-9eab-8caa-d111-f83c1bad4585,bomen,http://data.beeldengeluid.nl/gtaa/27962,Onderwerpen,Bomen,Actoren
https://digitaalerfgoed.poolparty.biz/nhaf/b6e12f74-7586-56a0-604a-34b9fc015537,Bond Zonder Naam,http://data.beeldengeluid.nl/gtaa/48634,Namen,Bond zonder naam,Actoren
https://digitaalerfgoed.poolparty.biz/nhaf/bee060cd-fe4c-b08e-2cfc-f446d1de2bc2,burgemeesters,http://data.beeldengeluid.nl/gtaa/28525,Onderwerpen,Burgemeesters,Actoren
https://digitaalerfgoed.poolparty.biz/nhaf/e4f7eddd-37c8-efa0-8919-193610ef77c2,D66,http://data.beeldengeluid.nl/gtaa/51013,Namen,D'66,Actoren
https://digitaalerfgoed.poolparty.biz/nhaf/2f7236a5-e01e-8000-1e31-d55e5b257cb7,DS'70,http://data.beeldengeluid.nl/gtaa/52393,Namen,DS '70,Actoren
https://digitaalerfgoed.poolparty.biz/nhaf/7dbf8c0a-e46e-7e85-7665-b555f889f1ab,daklozen,http://data.beeldengeluid.nl/gtaa/25475,Onderwerpen,Daklozen,Actoren
https://digitaalerfgoed.poolparty.biz/nhaf/e7e6de0e-1747-9137-5c6d-ea657dc7e9fc,Dam Chips,http://data.beeldengeluid.nl/gtaa/51090,Namen,Dam Chips,Actoren
https://digitaalerfgoed.poolparty.biz/nhaf/2e1b4ac9-0e22-03ec-484f-3a120549d7b1,deurwaarders,http://data.beeldengeluid.nl/gtaa/25502,Onderwerpen,Deurwaarders,Actoren
https://digitaalerfgoed.poolparty.biz/nhaf/c9050676-0870-1222-a56e-b01509c68c25,dieren,http://data.beeldengeluid.nl/gtaa/28543,Onderwerpen,Dieren,Actoren
https://digitaalerfgoed.poolparty.biz/nhaf/8a1c3427-2827-3d13-413f-99e3f18d8279,dierenbescherming,http://data.beeldengeluid.nl/gtaa/25515,Onderwerpen,Dierenbescherming,Actoren
https://digitaalerfgoed.poolparty.biz/nhaf/0b76b956-6fd1-a35d-fc7a-2e30d13f4c31,dirigenten,http://data.beeldengeluid.nl/gtaa/28596,Onderwerpen,Dirigenten,Actoren
https://digitaalerfgoed.poolparty.biz/nhaf/727df062-e03e-580b-fa30-d93d97f28afe,artsen,http://data.beeldengeluid.nl/gtaa/25168,Onderwerpen,Doktoren,Actoren
https://digitaalerfgoed.poolparty.biz/nhaf/21b0ce06-5340-d438-acf4-0274d20890df,douane,http://data.beeldengeluid.nl/gtaa/25550,Onderwerpen,Douane,Actoren
https://digitaalerfgoed.poolparty.biz/nhaf/ef9fdc89-9491-6347-eed0-b7061593913b,Droste,http://data.beeldengeluid.nl/gtaa/52007,Namen,Droste,Actoren
https://digitaalerfgoed.poolparty.biz/nhaf/340b4cb4-ce24-f75d-ad6c-885bdb0dfa57,muziekkorpsen,http://data.beeldengeluid.nl/gtaa/26354,Onderwerpen,Drumband,Actoren
https://digitaalerfgoed.poolparty.biz/nhaf/35b6dd1c-84f6-96ef-bc9a-a301995ab0ac,duiven,http://data.beeldengeluid.nl/gtaa/25577,Onderwerpen,Duiven,Actoren
https://digitaalerfgoed.poolparty.biz/nhaf/800572ec-0843-87a4-804c-f846f11356d4,EMI,http://data.beeldengeluid.nl/gtaa/52828,Namen,EMI,Actoren
https://digitaalerfgoed.poolparty.biz/nhaf/bb065c1e-5d7a-37c2-aa2e-724a5ef86d1f,Europese Culturele Stichting,http://data.beeldengeluid.nl/gtaa/53398,Namen,Europese Culturele Stichting,Actoren
https://digitaalerfgoed.poolparty.biz/nhaf/166484a9-7a7d-40b3-d4e1-03c97a515f71,families,http://data.beeldengeluid.nl/gtaa/28557,Onderwerpen,Families,Actoren
https://digitaalerfgoed.poolparty.biz/nhaf/7aba89e5-4981-abae-d5f7-d7d3b29799e7,Fokker,http://data.beeldengeluid.nl/gtaa/53860,Namen,Fokker,Actoren
https://digitaalerfgoed.poolparty.biz/nhaf/8150d069-ecdf-37e0-0996-babdd8273fb0,Galerie Espace,http://data.beeldengeluid.nl/gtaa/54608,Namen,Galerie Espace,Actoren
https://digitaalerfgoed.poolparty.biz/nhaf/359bd877-7c8c-5358-ed5e-0165682de6b8,buitenlandse werknemers,http://data.beeldengeluid.nl/gtaa/25057,Onderwerpen,Gastarbeiders,Actoren
https://digitaalerfgoed.poolparty.biz/nhaf/653a2fcb-2db0-45e7-b41d-3725ffc758f4,Gedeputeerde Staten,http://data.beeldengeluid.nl/gtaa/54734,Namen,Gedeputeerde Staten,Actoren
https://digitaalerfgoed.poolparty.biz/nhaf/9d647912-9dbc-e0f7-aced-23b196bfb0c6,geestelijken,http://data.beeldengeluid.nl/gtaa/28025,Onderwerpen,Geestelijken,Actoren
https://digitaalerfgoed.poolparty.biz/nhaf/609d428b-06c0-ea74-a265-bcaa73384e94,gemeenteraden,http://data.beeldengeluid.nl/gtaa/28243,Onderwerpen,Gemeenteraden,Actoren
https://digitaalerfgoed.poolparty.biz/nhaf/f5e2e403-3e54-ea84-1705-57b0c09c0f8b,gezinnen,http://data.beeldengeluid.nl/gtaa/25276,Onderwerpen,Gezinnen,Actoren
https://digitaalerfgoed.poolparty.biz/nhaf/bea75dbf-ead2-6190-6c6f-2406e6b2a44c,Greenpeace,http://data.beeldengeluid.nl/gtaa/55061,Namen,Greenpeace,Actoren
https://digitaalerfgoed.poolparty.biz/nhaf/e2a7638b-b0b7-3029-cb7c-1dc3a4c03c13,Haarlems Dagblad,http://data.beeldengeluid.nl/gtaa/55397,Namen,"Haarlems Dagblad, Grote Houtstraat 93 Haarlem",Actoren
https://digitaalerfgoed.poolparty.biz/nhaf/43536559-0fd6-7d2f-fb07-48d9f283b1ca,heesters,http://data.beeldengeluid.nl/gtaa/28308,Onderwerpen,Heesters,Actoren
https://digitaalerfgoed.poolparty.biz/nhaf/6e686b31-5e19-5d49-136d-9ade4cc2297d,Hells Angels,http://data.beeldengeluid.nl/gtaa/55826,Namen,Hells Angels,Actoren
https://digitaalerfgoed.poolparty.biz/nhaf/c4fed69a-a37e-a6f2-b744-9b1ac9d6897d,Hervormde Jeugdraad,http://data.beeldengeluid.nl/gtaa/55929,Namen,Hervormde jeugdraad,Actoren
https://digitaalerfgoed.poolparty.biz/nhaf/2d4f302c-6a75-7ec4-a8e9-d446e660299a,homoseksuelen,http://data.beeldengeluid.nl/gtaa/29500,Onderwerpen,Homosexuelen,Actoren
https://digitaalerfgoed.poolparty.biz/nhaf/7fa96af6-2922-0267-8f35-d46804bbef3d,honden,http://data.beeldengeluid.nl/gtaa/25890,Onderwerpen,Honden,Actoren
https://digitaalerfgoed.poolparty.biz/nhaf/8a3794a1-b832-eb92-1dc1-2db23b1fe847,hoogbejaarden,http://data.beeldengeluid.nl/gtaa/28404,Onderwerpen,"Honderdjarigen, honderd jaar",Actoren
https://digitaalerfgoed.poolparty.biz/nhaf/ebb5ae7a-d7a4-fb5b-e363-6d17216a61ba,Hongaren,http://data.beeldengeluid.nl/gtaa/56470,Namen,Hongaren,Actoren
https://digitaalerfgoed.poolparty.biz/nhaf/16e8a887-6459-eab4-ba07-de01f7420d6f,jeugdwerk,http://data.beeldengeluid.nl/gtaa/29306,Onderwerpen,Jeugdwerk,Actoren
https://digitaalerfgoed.poolparty.biz/nhaf/c8fbbbdb-256a-e257-1638-fc34ba744fec,jeugd,http://data.beeldengeluid.nl/gtaa/28003,Onderwerpen,Jongeren,Actoren
https://digitaalerfgoed.poolparty.biz/nhaf/70db1d68-0c5f-6105-f95a-855a5a3b80da,justitie,http://data.beeldengeluid.nl/gtaa/29893,Onderwerpen,Justitie,Actoren
https://digitaalerfgoed.poolparty.biz/nhaf/1ed22700-7dbd-3d70-f67f-678a9eaed9ee,KLM,http://data.beeldengeluid.nl/gtaa/58878,Namen,KLM,Actoren
https://digitaalerfgoed.poolparty.biz/nhaf/a05b526b-7e0f-9162-4b78-3291a8a36a3d,katten,http://data.beeldengeluid.nl/gtaa/28800,Onderwerpen,Katten,Actoren
https://digitaalerfgoed.poolparty.biz/nhaf/823d64ea-34e0-723d-674b-f4b94f09b5cd,koeien,http://data.beeldengeluid.nl/gtaa/28826,Onderwerpen,Koeien,Actoren
https://digitaalerfgoed.poolparty.biz/nhaf/8206869e-7097-53e6-7223-26ab6291853d,koren,http://data.beeldengeluid.nl/gtaa/28993,Onderwerpen,Koren,Actoren
https://digitaalerfgoed.poolparty.biz/nhaf/6d83f690-66b6-a3b2-1350-4204ad389dd4,Kruisverenigingen,http://data.beeldengeluid.nl/gtaa/59287,Namen,Kruisverenigingen,Actoren
https://digitaalerfgoed.poolparty.biz/nhaf/9d1d4e26-cb5f-4d12-e2bf-55e12e7c82b7,kustwacht,http://data.beeldengeluid.nl/gtaa/26129,Onderwerpen,Kustwacht,Actoren
https://digitaalerfgoed.poolparty.biz/nhaf/c3b1b544-21dd-85d4-0fdd-3a89e142a828,landmacht,http://data.beeldengeluid.nl/gtaa/27148,Onderwerpen,Landmacht,Actoren
https://digitaalerfgoed.poolparty.biz/nhaf/43653480-79ac-014a-5a40-c7f640aee3fe,Leger des Heils,http://data.beeldengeluid.nl/gtaa/59887,Namen,Leger des Heils,Actoren
https://digitaalerfgoed.poolparty.biz/nhaf/8a5cddd8-4718-4906-7355-e148deb769d9,Leger des Heils,http://data.beeldengeluid.nl/gtaa/59887,Namen,Leger des Heils,Actoren
https://digitaalerfgoed.poolparty.biz/nhaf/6ce25da2-5c57-825b-c8ea-a2453572ea01,loodswezen,http://data.beeldengeluid.nl/gtaa/27166,Onderwerpen,"Loodswezen, loodsen",Actoren
https://digitaalerfgoed.poolparty.biz/nhaf/d5406df6-e8a2-073c-8809-f331536264f7,MSD,http://data.beeldengeluid.nl/gtaa/62207,Namen,MSD,Actoren
https://digitaalerfgoed.poolparty.biz/nhaf/197912d8-1e97-f2eb-2ebd-bb3b8e620168,maatschappelijk werk,http://data.beeldengeluid.nl/gtaa/27885,Onderwerpen,Maatschappelijk werk,Actoren
https://digitaalerfgoed.poolparty.biz/nhaf/b930c85d-329b-6c2c-4193-608211ef72de,Nederlandse Maatschappij voor Nijverheid en Handel,http://data.beeldengeluid.nl/gtaa/63385,Namen,Maatschappij voor Nijverheid en Handel,Actoren
https://digitaalerfgoed.poolparty.biz/nhaf/185589a6-9494-ea72-778f-a6c91a804d82,majorettes,http://data.beeldengeluid.nl/gtaa/26211,Onderwerpen,Majorettes,Actoren
https://digitaalerfgoed.poolparty.biz/nhaf/6a21381c-a276-a5c6-a715-5cb758159205,makelaars,http://data.beeldengeluid.nl/gtaa/27582,Onderwerpen,Makelaars,Actoren
https://digitaalerfgoed.poolparty.biz/nhaf/0d674163-029a-0def-9157-d3e534cc8a45,Koninklijke Marechaussee,http://data.beeldengeluid.nl/gtaa/57266,Namen,Marechaussee,Actoren
https://digitaalerfgoed.poolparty.biz/nhaf/afd62f20-24d6-c9be-c3d7-ab154cf515f6,Mariastichting,http://data.beeldengeluid.nl/gtaa/60936,Namen,Mariastichting,Actoren
https://digitaalerfgoed.poolparty.biz/nhaf/09858081-54da-f249-a6ab-99ea6e8f3f89,marine,http://data.beeldengeluid.nl/gtaa/27775,Onderwerpen,Marine,Actoren
https://digitaalerfgoed.poolparty.biz/nhaf/2da19013-1c95-4cd1-6ba4-f85d828f94e4,Martinair,http://data.beeldengeluid.nl/gtaa/61046,Namen,Martinair,Actoren
https://digitaalerfgoed.poolparty.biz/nhaf/67d7ff78-5190-109d-f1a0-2660cc37c106,meisjes,http://data.beeldengeluid.nl/gtaa/27787,Onderwerpen,Meisjes,Actoren
https://digitaalerfgoed.poolparty.biz/nhaf/0705b5de-5b35-0a2f-9adc-2f5f54c40c8b,militairen,http://data.beeldengeluid.nl/gtaa/27782,Onderwerpen,Militairen,Actoren
https://digitaalerfgoed.poolparty.biz/nhaf/3ed484d6-34eb-8d91-5cba-0ac31836a417,ministers,http://data.beeldengeluid.nl/gtaa/28186,Onderwerpen,Ministers,Actoren
https://digitaalerfgoed.poolparty.biz/nhaf/508359c7-bd7e-60be-9d1e-a725ea756142,Mobil Oil,http://data.beeldengeluid.nl/gtaa/61866,Namen,Mobil Oil,Actoren
https://digitaalerfgoed.poolparty.biz/nhaf/793ef106-aea0-911f-7b38-196b0cff3727,schaalmodellen,http://data.beeldengeluid.nl/gtaa/28152,Onderwerpen,Modellen,Actoren
https://digitaalerfgoed.poolparty.biz/nhaf/ddc63be9-9270-fd92-5db6-ff155125948e,moeders,http://data.beeldengeluid.nl/gtaa/28224,Onderwerpen,Moeders,Actoren
https://digitaalerfgoed.poolparty.biz/nhaf/ffcc4415-3ac6-0c55-978e-6b325eaec389,monumentenzorg,http://data.beeldengeluid.nl/gtaa/29844,Onderwerpen,Monumentenzorg,Actoren
https://digitaalerfgoed.poolparty.biz/nhaf/63b7b0ee-2ae6-ceda-10cb-84fafbd6b396,Multifilm,http://data.beeldengeluid.nl/gtaa/62250,Namen,Multifilm,Actoren
https://digitaalerfgoed.poolparty.biz/nhaf/b5968cc6-3e49-fd04-3fb2-c310877dcdf7,musea,http://data.beeldengeluid.nl/gtaa/27768,Onderwerpen,"Museum, musea",Actoren
https://digitaalerfgoed.poolparty.biz/nhaf/16cc418c-d373-6bcf-1f4f-ee7751e8fa24,NRM,http://data.beeldengeluid.nl/gtaa/64483,Namen,NRM,Actoren
https://digitaalerfgoed.poolparty.biz/nhaf/97452949-4b80-5a25-ff5b-cc5107c0bcd4,NAVO,http://data.beeldengeluid.nl/gtaa/62932,Namen,Nato,Actoren
https://digitaalerfgoed.poolparty.biz/nhaf/28eb7d1d-05df-069f-6554-8ec88533ff24,Noordhollands Philharmonisch Orkest,http://data.beeldengeluid.nl/gtaa/63898,Namen,Noord Hollands Philharmonisch orkest,Actoren
https://digitaalerfgoed.poolparty.biz/nhaf/0f151def-e615-b769-b28a-51229639bb8d,NZH,http://data.beeldengeluid.nl/gtaa/61593,Namen,"Noord Zuid Hollandse Vervoersmaatschappij N.V., NZH",Actoren
https://digitaalerfgoed.poolparty.biz/nhaf/26ee8e9b-d897-e3c8-a844-896b4a09c2b5,ondernemers,http://data.beeldengeluid.nl/gtaa/26418,Onderwerpen,Ondernemers,Actoren
https://digitaalerfgoed.poolparty.biz/nhaf/4b5ca1f4-5d2b-bc04-7b8e-da99688e5e09,opticiens,http://data.beeldengeluid.nl/gtaa/26444,Onderwerpen,Opticien,Actoren
https://digitaalerfgoed.poolparty.biz/nhaf/11c0acbe-0a96-11ee-be56-0242ac120002,organisaties,http://data.beeldengeluid.nl/gtaa/25176,Onderwerpen,Organisaties,Actoren
https://digitaalerfgoed.poolparty.biz/nhaf/44975f94-d63b-e676-6f83-833a81c4b72c,orkesten,http://data.beeldengeluid.nl/gtaa/26459,Onderwerpen,Orkesten,Actoren
https://digitaalerfgoed.poolparty.biz/nhaf/aa7a8c22-793d-4217-2f4d-16c1b6c8abd6,PSP,http://data.beeldengeluid.nl/gtaa/66390,Namen,PSP,Actoren
https://digitaalerfgoed.poolparty.biz/nhaf/38d88d94-0882-920e-fe91-8795470f5b45,paarden,http://data.beeldengeluid.nl/gtaa/28775,Onderwerpen,Paarden,Actoren
https://digitaalerfgoed.poolparty.biz/nhaf/06e1ad56-7230-524f-0e31-500dd4e8042c,padvinderij,http://data.beeldengeluid.nl/gtaa/27074,Onderwerpen,Padvinderij,Actoren
https://digitaalerfgoed.poolparty.biz/nhaf/e3ced298-b31d-7aa9-0c93-6926ab3942a7,PvdA,http://data.beeldengeluid.nl/gtaa/66498,Namen,"Partij van de Arbeid, PVDA",Actoren
https://digitaalerfgoed.poolparty.biz/nhaf/fd4b195e-3bdd-0429-b243-347371f14bfb,kleuters,http://data.beeldengeluid.nl/gtaa/27202,Onderwerpen,Peuters,Actoren
https://digitaalerfgoed.poolparty.biz/nhaf/aa386c71-35eb-e9d8-261e-8e400ca5336d,Philips,http://data.beeldengeluid.nl/gtaa/64325,Namen,Philips,Actoren
https://digitaalerfgoed.poolparty.biz/nhaf/917b43c0-7d92-7f86-469c-02222c1f1e50,pluimvee,http://data.beeldengeluid.nl/gtaa/27119,Onderwerpen,Pluimvee,Actoren
https://digitaalerfgoed.poolparty.biz/nhaf/01828aec-1c7e-904e-43a1-b2bec4878a0c,politie,http://data.beeldengeluid.nl/gtaa/28180,Onderwerpen,Politie,Actoren
https://digitaalerfgoed.poolparty.biz/nhaf/a3a96bc8-423a-437a-aab5-10be403026c4,politieke partijen,http://data.beeldengeluid.nl/gtaa/28712,Onderwerpen,Politieke partijen,Actoren
https://digitaalerfgoed.poolparty.biz/nhaf/969715f5-7127-0f78-ffb6-9096f7b1bcec,Provinciaal Ziekenhuis Santpoort,http://data.beeldengeluid.nl/gtaa/66361,Namen,Provinciaal ziekenhuis,Actoren
https://digitaalerfgoed.poolparty.biz/nhaf/b315da69-aff7-0062-6465-13d524840beb,publiek,http://data.beeldengeluid.nl/gtaa/26584,Onderwerpen,Publiek,Actoren
https://digitaalerfgoed.poolparty.biz/nhaf/76691dde-7c77-cef1-85c0-4533b07270d5,Raad van State,http://data.beeldengeluid.nl/gtaa/66601,Namen,Raad van Staten,Actoren
https://digitaalerfgoed.poolparty.biz/nhaf/f509f1f9-f86e-2223-4312-beafb1212af6,Rabobank,http://data.beeldengeluid.nl/gtaa/66637,Namen,Rabobank,Actoren
https://digitaalerfgoed.poolparty.biz/nhaf/315fe9bc-7268-a189-a6bf-e6c00eccdb1b,ratten,http://data.beeldengeluid.nl/gtaa/26596,Onderwerpen,Ratten,Actoren
https://digitaalerfgoed.poolparty.biz/nhaf/4d95a187-4707-830e-655a-d06f683d8b86,rederijen,http://data.beeldengeluid.nl/gtaa/26617,Onderwerpen,Rederij,Actoren
https://digitaalerfgoed.poolparty.biz/nhaf/9865468a-30b4-8fad-65ab-778713c14494,Renault,http://data.beeldengeluid.nl/gtaa/67352,Namen,Renault,Actoren
https://digitaalerfgoed.poolparty.biz/nhaf/9c55f896-1299-8846-e0e1-12befe5489c0,Algemeen Rijksarchief,http://data.beeldengeluid.nl/gtaa/46106,Namen,Rijksarchief,Actoren
https://digitaalerfgoed.poolparty.biz/nhaf/86e42180-1ff4-43d7-2565-25400102f2fd,Rijkswaterstaat,http://data.beeldengeluid.nl/gtaa/67585,Namen,Rijkswaterstaat,Actoren
https://digitaalerfgoed.poolparty.biz/nhaf/cbf00fe0-ea19-b860-3494-7a6db7095467,Rooms-Katholieke Kerk,http://data.beeldengeluid.nl/gtaa/67894,Namen,Rooms Katholieke Kerk,Actoren
https://digitaalerfgoed.poolparty.biz/nhaf/19b41a4f-b5c2-88f2-c565-09402870fcbd,Scheveningen Radio,http://data.beeldengeluid.nl/gtaa/68325,Namen,Scheveningen radio,Actoren
https://digitaalerfgoed.poolparty.biz/nhaf/dcd65d98-0056-27c0-28a1-91be3645a8b0,leerlingen,http://data.beeldengeluid.nl/gtaa/27151,Onderwerpen,Scholieren,Actoren
https://digitaalerfgoed.poolparty.biz/nhaf/591e36a3-9a1b-1fa2-21fd-2edaf1f553e7,schoolverlaters,http://data.beeldengeluid.nl/gtaa/26687,Onderwerpen,Schoolverlaters,Actoren
https://digitaalerfgoed.poolparty.biz/nhaf/6d85d9f7-c608-af01-0006-3047855dd809,Singapore Airlines,http://data.beeldengeluid.nl/gtaa/69549,Namen,Singapore Airlines,Actoren
https://digitaalerfgoed.poolparty.biz/nhaf/cdee3b93-b4c5-1502-adf0-dc52971c1036,militairen,http://data.beeldengeluid.nl/gtaa/27782,Onderwerpen,Soldaten,Actoren
https://digitaalerfgoed.poolparty.biz/nhaf/29a353e8-b54f-f376-b87a-3ea1926b1516,spoken,http://data.beeldengeluid.nl/gtaa/26784,Onderwerpen,Spoken,Actoren
https://digitaalerfgoed.poolparty.biz/nhaf/f93e32b4-3e66-fb5f-ad46-3de6bc228fe5,Staatsbosbeheer,http://data.beeldengeluid.nl/gtaa/69064,Namen,Staatsbosbeheer,Actoren
https://digitaalerfgoed.poolparty.biz/nhaf/1765691b-da5b-7bc1-ba9c-3e52cde36583,stichtingen,http://data.beeldengeluid.nl/gtaa/26836,Onderwerpen,Stichting,Actoren
https://digitaalerfgoed.poolparty.biz/nhaf/b8d4d1c2-467a-e321-320c-9d6e3ce81150,heesters,http://data.beeldengeluid.nl/gtaa/28308,Onderwerpen,Struiken,Actoren
https://digitaalerfgoed.poolparty.biz/nhaf/768cfd7b-00f7-1c2e-32af-3e5d90baa0e2,studenten,http://data.beeldengeluid.nl/gtaa/26863,Onderwerpen,Studenten,Actoren
https://digitaalerfgoed.poolparty.biz/nhaf/f35d7b9a-0361-d685-10c2-946afc0dd4c1,Teisterbant,http://data.beeldengeluid.nl/gtaa/71146,Namen,Teisterbant,Actoren
https://digitaalerfgoed.poolparty.biz/nhaf/c4429a7a-5298-2d3f-9aee-32685b769f24,Teylers Museum,http://data.beeldengeluid.nl/gtaa/71553,Namen,Teyler Museum,Actoren
https://digitaalerfgoed.poolparty.biz/nhaf/124d7d1c-7518-989a-c799-41b0ea7ddee0,tweelingen,http://data.beeldengeluid.nl/gtaa/26980,Onderwerpen,Tweelingen,Actoren
https://digitaalerfgoed.poolparty.biz/nhaf/74c39df4-2774-8911-f839-0cc7e0682b8f,UNESCO,http://data.beeldengeluid.nl/gtaa/71251,Namen,Unesco,Actoren
https://digitaalerfgoed.poolparty.biz/nhaf/6fc526eb-11f5-6f7f-b02b-391ffd21051d,vakbonden,http://data.beeldengeluid.nl/gtaa/28234,Onderwerpen,Vakbonden,Actoren
https://digitaalerfgoed.poolparty.biz/nhaf/49539355-8850-ff7f-3fa6-9b7171a4d27d,verenigingen,http://data.beeldengeluid.nl/gtaa/25177,Onderwerpen,Verenigingen,Actoren
https://digitaalerfgoed.poolparty.biz/nhaf/e46b7ec8-630a-88c2-b75a-d3584626dc56,Veronica,http://data.beeldengeluid.nl/gtaa/73932,Namen,Veronica,Actoren
https://digitaalerfgoed.poolparty.biz/nhaf/d6746ba0-439b-3144-c2a9-35613212e62b,verzekeringen,http://data.beeldengeluid.nl/gtaa/27249,Onderwerpen,Verzekeringen,Actoren
https://digitaalerfgoed.poolparty.biz/nhaf/615bcd6b-541d-672a-793c-a4234c648610,FC Haarlem,http://data.beeldengeluid.nl/gtaa/53705,Namen,Voetbal F.C. Haarlem,Actoren
https://digitaalerfgoed.poolparty.biz/nhaf/aecf2d2f-650c-152c-34fd-8728947f45fb,FC Lisse,http://data.beeldengeluid.nl/gtaa/53713,Namen,Voetbal FC Lisse,Actoren
https://digitaalerfgoed.poolparty.biz/nhaf/eb8c8388-22c9-2baa-a63b-aa5d84a16c52,Telstar,http://data.beeldengeluid.nl/gtaa/71463,Namen,Voetbal Telstar,Actoren
https://digitaalerfgoed.poolparty.biz/nhaf/e4ce28f3-943c-2eab-ee38-260a0a9e8b3b,voetgangers,http://data.beeldengeluid.nl/gtaa/27820,Onderwerpen,Voetgangers,Actoren
https://digitaalerfgoed.poolparty.biz/nhaf/55f17692-11e7-502d-20b4-d53f3fed6306,vogels,http://data.beeldengeluid.nl/gtaa/27822,Onderwerpen,Vogels,Actoren
https://digitaalerfgoed.poolparty.biz/nhaf/63a176ad-96b3-429a-e226-da307aae0d84,Vomar,http://data.beeldengeluid.nl/gtaa/72861,Namen,Vomar,Actoren
https://digitaalerfgoed.poolparty.biz/nhaf/f1d6d345-4ec4-c436-6950-7d3012b5cc9b,vrouwen,http://data.beeldengeluid.nl/gtaa/28015,Onderwerpen,Vrouwen,Actoren
https://digitaalerfgoed.poolparty.biz/nhaf/1363cae2-dba6-2698-7412-26e8385ae62e,Wegenwacht,http://data.beeldengeluid.nl/gtaa/74437,Namen,Wegenwacht,Actoren
https://digitaalerfgoed.poolparty.biz/nhaf/370fbd7e-8b88-6f36-6ee2-bcfbaeb92244,wethouders,http://data.beeldengeluid.nl/gtaa/28256,Onderwerpen,Wethouders,Actoren
https://digitaalerfgoed.poolparty.biz/nhaf/90b8e34b-4d8e-8d0e-ca5b-0808c0e13fba,Wijsmuller,http://data.beeldengeluid.nl/gtaa/73416,Namen,Wijsmuller,Actoren
https://digitaalerfgoed.poolparty.biz/nhaf/10ea9f9f-50b6-cd19-8840-1fbf6173d62a,Wit-Gele Kruis,http://data.beeldengeluid.nl/gtaa/73532,Namen,Wit Gele Kruis,Actoren
https://digitaalerfgoed.poolparty.biz/nhaf/8cc1dafd-075d-96a2-4309-db60dac21c95,zeelieden,http://data.beeldengeluid.nl/gtaa/27855,Onderwerpen,Zeelieden,Actoren
https://digitaalerfgoed.poolparty.biz/nhaf/826a6f91-2ece-2bf5-642a-b1e22b0cbb5a,Zeeweg Ziekenhuis,http://data.beeldengeluid.nl/gtaa/74883,Namen,Zeeweg ziekenhuis,Actoren
https://digitaalerfgoed.poolparty.biz/nhaf/22f509f3-43f5-d071-c3e3-ebcdbd2d23a1,zigeuners,http://data.beeldengeluid.nl/gtaa/27469,Onderwerpen,Zigeuners,Actoren
https://digitaalerfgoed.poolparty.biz/nhaf/513fadd8-a9f2-b2e7-e6a4-12cda6d54d29,verstandelijk gehandicapten,http://data.beeldengeluid.nl/gtaa/28326,Onderwerpen,Zwakzinnigen,Actoren
https://digitaalerfgoed.poolparty.biz/nhaf/0917a2f4-6402-a397-6342-44999ce2470c,armoede,http://data.beeldengeluid.nl/gtaa/25387,Onderwerpen,Armoede,Concepten
https://digitaalerfgoed.poolparty.biz/nhaf/12ce736d-4efa-b4cd-3bd0-d1d736044bb6,belastingen,http://data.beeldengeluid.nl/gtaa/28010,Onderwerpen,Belasting,Concepten
https://digitaalerfgoed.poolparty.biz/nhaf/844d4a58-083f-5565-1c02-c6ba1b889fa6,bergingen,http://data.beeldengeluid.nl/gtaa/28970,Onderwerpen,Berging,Concepten
https://digitaalerfgoed.poolparty.biz/nhaf/7d386f38-90d0-a730-341d-0791e5353121,bezetting,http://data.beeldengeluid.nl/gtaa/211692,Onderwerpen,Bezetting,Concepten
https://digitaalerfgoed.poolparty.biz/nhaf/141e1663-d4ad-febd-c60a-3b59fbc76b9e,bliksem,http://data.beeldengeluid.nl/gtaa/25285,Onderwerpen,Bliksem,Concepten
https://digitaalerfgoed.poolparty.biz/nhaf/b986af91-3c54-8ce1-a643-afe706ed81bb,diefstal,http://data.beeldengeluid.nl/gtaa/28506,Onderwerpen,Diefstal,Concepten
https://digitaalerfgoed.poolparty.biz/nhaf/17e7f12c-27b9-5552-b23f-b615db5b7ad7,dooi,http://data.beeldengeluid.nl/gtaa/25544,Onderwerpen,Dooi,Concepten
https://digitaalerfgoed.poolparty.biz/nhaf/131eb53c-5c37-915d-a3a3-6d7c355982b5,droogte,http://data.beeldengeluid.nl/gtaa/28590,Onderwerpen,Droogte,Concepten
https://digitaalerfgoed.poolparty.biz/nhaf/938b88cc-66f8-0f47-2985-032bdf15328a,energie,http://data.beeldengeluid.nl/gtaa/28599,Onderwerpen,Energie,Concepten
https://digitaalerfgoed.poolparty.biz/nhaf/79c72c0f-a23c-bf03-59a8-1487828002fa,Esperanto,http://data.beeldengeluid.nl/gtaa/53017,Namen,Esperanto,Concepten
https://digitaalerfgoed.poolparty.biz/nhaf/364e8da0-3ed4-c121-86ad-1a49d6f69f4c,volkscultuur,http://data.beeldengeluid.nl/gtaa/27815,Onderwerpen,Folklore,Concepten
https://digitaalerfgoed.poolparty.biz/nhaf/ca7f5e26-5e88-dac1-df5f-1ccff9c0ecdb,gevaarlijke stoffen,http://data.beeldengeluid.nl/gtaa/25765,Onderwerpen,GIF,Concepten
https://digitaalerfgoed.poolparty.biz/nhaf/a1237b41-6260-f566-d6e4-f34223084eec,geluid,http://data.beeldengeluid.nl/gtaa/27547,Onderwerpen,Geluid,Concepten
https://digitaalerfgoed.poolparty.biz/nhaf/158b789d-c92a-77f3-1053-cafc455dc5b9,gezondheid,http://data.beeldengeluid.nl/gtaa/28332,Onderwerpen,Gezondheid,Concepten
https://digitaalerfgoed.poolparty.biz/nhaf/dcf5c2dc-c9e6-660b-ec39-0360a393f629,herfst,http://data.beeldengeluid.nl/gtaa/28293,Onderwerpen,Herfst,Concepten
https://digitaalerfgoed.poolparty.biz/nhaf/1ad0bf9f-7eee-27f2-9f75-342d25e76d2a,Hinderwet,http://data.beeldengeluid.nl/gtaa/56091,Namen,Hinderwet,Concepten
https://digitaalerfgoed.poolparty.biz/nhaf/8f4ad97d-a649-fa5a-f713-05b475526f20,hypnose,http://data.beeldengeluid.nl/gtaa/25941,Onderwerpen,Hypnose,Concepten
https://digitaalerfgoed.poolparty.biz/nhaf/ad3eb11d-9958-1aa0-b748-8f64d7c555aa,inbraak,http://data.beeldengeluid.nl/gtaa/25966,Onderwerpen,Inbraak,Concepten
https://digitaalerfgoed.poolparty.biz/nhaf/6fa58695-c6f3-ff93-2edb-44d6eb198272,industrie,http://data.beeldengeluid.nl/gtaa/28229,Onderwerpen,Industrie,Concepten
https://digitaalerfgoed.poolparty.biz/nhaf/dc15a0e7-81ed-c32a-691f-8bede29a6767,islam,http://data.beeldengeluid.nl/gtaa/28363,Onderwerpen,Islam,Concepten
https://digitaalerfgoed.poolparty.biz/nhaf/fe49fc87-39e3-d1cd-f3ff-2d7a115cd03d,jazz,http://data.beeldengeluid.nl/gtaa/26008,Onderwerpen,Jazz,Concepten
https://digitaalerfgoed.poolparty.biz/nhaf/7ff696a2-af17-7307-fec8-876fe5f17ae0,kindermishandeling,http://data.beeldengeluid.nl/gtaa/26066,Onderwerpen,Kindermishandeling,Concepten
https://digitaalerfgoed.poolparty.biz/nhaf/8a825cc9-1781-6e5e-1216-0098bf1f9cae,kou,http://data.beeldengeluid.nl/gtaa/29520,Onderwerpen,Kou,Concepten
https://digitaalerfgoed.poolparty.biz/nhaf/3c7f0ee6-602e-b862-87f7-fa8ccb1056a4,liefdadigheid,http://data.beeldengeluid.nl/gtaa/28627,Onderwerpen,Liefdadigheid,Concepten
https://digitaalerfgoed.poolparty.biz/nhaf/c3424317-0d8f-da4c-588c-2087be88e3fc,liefde,http://data.beeldengeluid.nl/gtaa/26174,Onderwerpen,Liefde,Concepten
https://digitaalerfgoed.poolparty.biz/nhaf/193da229-67b0-33b1-3c6e-11bf96eb4045,luchtverontreiniging,http://data.beeldengeluid.nl/gtaa/25183,Onderwerpen,Luchtverontreiniging,Concepten
https://digitaalerfgoed.poolparty.biz/nhaf/404d7ec1-e129-d90f-265f-4fc7ea9ed430,milieu,http://data.beeldengeluid.nl/gtaa/28201,Onderwerpen,Milieu,Concepten
https://digitaalerfgoed.poolparty.biz/nhaf/cb5e0f70-3b86-e66b-8ef1-faa1be64566d,mode,http://data.beeldengeluid.nl/gtaa/26311,Onderwerpen,Mode,Concepten
https://digitaalerfgoed.poolparty.biz/nhaf/2e88c33f-a051-a0f4-1366-9c83653ed0f5,muziek,http://data.beeldengeluid.nl/gtaa/28200,Onderwerpen,Muziek,Concepten
https://digitaalerfgoed.poolparty.biz/nhaf/8fd6c8dd-4c38-33ba-d84f-1684d5fb9aa6,natuur,http://data.beeldengeluid.nl/gtaa/26368,Onderwerpen,Natuur,Concepten
https://digitaalerfgoed.poolparty.biz/nhaf/7c2b49d3-1f71-588f-e9d8-3eccafb3667b,nudisme,http://data.beeldengeluid.nl/gtaa/26391,Onderwerpen,Nudisme,Concepten
https://digitaalerfgoed.poolparty.biz/nhaf/3570e8c1-88b7-8868-0760-2d8842678720,onderwijs,http://data.beeldengeluid.nl/gtaa/28032,Onderwerpen,Onderwijs,Concepten
https://digitaalerfgoed.poolparty.biz/nhaf/819df897-8be1-d471-9ad5-89f867afc19d,onderwijs,http://data.beeldengeluid.nl/gtaa/28032,Onderwerpen,Opleiding onderwijs,Concepten
https://digitaalerfgoed.poolparty.biz/nhaf/373d5a85-bb4d-d81a-5dd5-9ef343eb0229,opvoeding,http://data.beeldengeluid.nl/gtaa/25242,Onderwerpen,Opvoeding,Concepten
https://digitaalerfgoed.poolparty.biz/nhaf/38a26bee-456e-d3d9-282c-1ce9703330d7,prijzen,http://data.beeldengeluid.nl/gtaa/29700,Onderwerpen,Prijzen,Concepten
https://digitaalerfgoed.poolparty.biz/nhaf/e3ccdca3-c5c0-3867-ea6b-2c60b5717d82,vrijetijdsbesteding,http://data.beeldengeluid.nl/gtaa/27657,Onderwerpen,Recreatie,Concepten
https://digitaalerfgoed.poolparty.biz/nhaf/7a0fa4d5-90de-a8e7-cc0b-0104c5aa542e,recycling,http://data.beeldengeluid.nl/gtaa/26613,Onderwerpen,Recycling,Concepten
https://digitaalerfgoed.poolparty.biz/nhaf/a2bcb44f-0f2a-fb79-5838-9ecf4ad2cd6f,regen,http://data.beeldengeluid.nl/gtaa/27887,Onderwerpen,Regen,Concepten
https://digitaalerfgoed.poolparty.biz/nhaf/01e57ca6-3852-d980-9aa7-f9bf23b6b5c0,regeringen,http://data.beeldengeluid.nl/gtaa/28036,Onderwerpen,Regering,Concepten
https://digitaalerfgoed.poolparty.biz/nhaf/a3822f32-36d2-4a6a-afce-d5b7d1a84ca5,seizoenen,http://data.beeldengeluid.nl/gtaa/28105,Onderwerpen,Seizoenen,Concepten
https://digitaalerfgoed.poolparty.biz/nhaf/58567dc4-ddee-2254-f8e4-70998f7019a6,stilte,http://data.beeldengeluid.nl/gtaa/26841,Onderwerpen,Stilte,Concepten
https://digitaalerfgoed.poolparty.biz/nhaf/b69f3b78-cfdb-496a-5f3c-931b95834f0d,transportbedrijven,http://data.beeldengeluid.nl/gtaa/26956,Onderwerpen,"Transport, transportbedrijven",Concepten
https://digitaalerfgoed.poolparty.biz/nhaf/4f72bdb5-9185-e9ef-1f05-1c4e87be958b,vakantiewerk,http://data.beeldengeluid.nl/gtaa/29633,Onderwerpen,Vakantiewerk,Concepten
https://digitaalerfgoed.poolparty.biz/nhaf/dd04eded-792f-0348-86e5-c9d171af549a,vandalisme,http://data.beeldengeluid.nl/gtaa/27824,Onderwerpen,Vandalisme,Concepten
https://digitaalerfgoed.poolparty.biz/nhaf/ab5778d5-3c43-3688-7664-761f82eea790,vandalisme,http://data.beeldengeluid.nl/gtaa/27824,Onderwerpen,Vernielingen,Concepten
https://digitaalerfgoed.poolparty.biz/nhaf/57d5d167-07b6-ea7c-9a61-c7290d789642,vervoer,http://data.beeldengeluid.nl/gtaa/28262,Onderwerpen,Vervoer,Concepten
https://digitaalerfgoed.poolparty.biz/nhaf/bb05e86a-d557-10d1-c5af-3c1492177e7b,vliegen,http://data.beeldengeluid.nl/gtaa/29515,Onderwerpen,Vliegen,Concepten
https://digitaalerfgoed.poolparty.biz/nhaf/60a814be-2278-2263-3414-475dcb82e17e,warmte,http://data.beeldengeluid.nl/gtaa/28070,Onderwerpen,Warmte,Concepten
https://digitaalerfgoed.poolparty.biz/nhaf/e89c2cdd-af13-735f-6db7-9f8ab36a4d33,winter,http://data.beeldengeluid.nl/gtaa/27863,Onderwerpen,Winter,Concepten
https://digitaalerfgoed.poolparty.biz/nhaf/12405184-7be0-8dfe-88af-668fbd26d098,zeevaart,http://data.beeldengeluid.nl/gtaa/27881,Onderwerpen,Zeevaart,Concepten
https://digitaalerfgoed.poolparty.biz/nhaf/501b417d-33a1-aed4-d944-59846f0970ae,zweefvliegen,http://data.beeldengeluid.nl/gtaa/27493,Onderwerpen,Zweefvliegen,Concepten
https://digitaalerfgoed.poolparty.biz/nhaf/8579613d-7143-5588-7cda-e9c613fafea6,oplichting,http://data.beeldengeluid.nl/gtaa/29281,Onderwerpen,Zwendel,Concepten
https://digitaalerfgoed.poolparty.biz/nhaf/0eca0803-f399-fdeb-ebd0-34dc2bb8851c,Circuit Park Zandvoort,http://data.beeldengeluid.nl/gtaa/50341,Namen,Circuit Zandvoort,Locaties
https://digitaalerfgoed.poolparty.biz/nhaf/3370c1b6-cd43-e5a6-0a11-6c2b4ba2258e,aardgas,http://data.beeldengeluid.nl/gtaa/28254,Onderwerpen,Aardgas,Materialen
https://digitaalerfgoed.poolparty.biz/nhaf/a8df6726-f66e-16b0-7001-52845f9c31cc,alcohol,http://data.beeldengeluid.nl/gtaa/25340,Onderwerpen,Alcohol,Materialen
https://digitaalerfgoed.poolparty.biz/nhaf/adc72565-2e20-fec6-2c75-167c32063020,benzine,http://data.beeldengeluid.nl/gtaa/27996,Onderwerpen,Benzine,Materialen
https://digitaalerfgoed.poolparty.biz/nhaf/06d537ab-c6f1-f102-e95f-53035b896680,beton,http://data.beeldengeluid.nl/gtaa/24955,Onderwerpen,Beton,Materialen
https://digitaalerfgoed.poolparty.biz/nhaf/ffe92f4f-d0f9-4dd7-d6de-70d0703385e9,bier,http://data.beeldengeluid.nl/gtaa/24975,Onderwerpen,Bier,Materialen
https://digitaalerfgoed.poolparty.biz/nhaf/b1cd55fe-5aac-9bd1-57d9-60c7a1825a5b,brood,http://data.beeldengeluid.nl/gtaa/28528,Onderwerpen,Brood,Materialen
https://digitaalerfgoed.poolparty.biz/nhaf/d931529c-8c3a-5bf3-cf5b-e81293561d3d,chocolade,http://data.beeldengeluid.nl/gtaa/25118,Onderwerpen,Chocolade,Materialen
https://digitaalerfgoed.poolparty.biz/nhaf/ed4483dc-4d9f-b0e8-aa41-75f9325a89bb,drugs,http://data.beeldengeluid.nl/gtaa/27218,Onderwerpen,Drugs,Materialen
https://digitaalerfgoed.poolparty.biz/nhaf/6d8aa0fc-4e07-b3bd-f6df-42dab9e7f92a,gas,http://data.beeldengeluid.nl/gtaa/28575,Onderwerpen,Gas,Materialen
https://digitaalerfgoed.poolparty.biz/nhaf/3c0a67f4-7d44-fcc0-bc6c-b7d05e4bf4ff,goud,http://data.beeldengeluid.nl/gtaa/28339,Onderwerpen,Goud,Materialen
https://digitaalerfgoed.poolparty.biz/nhaf/91840dc8-6d3b-c949-5859-9385e5104c15,groenten,http://data.beeldengeluid.nl/gtaa/28278,Onderwerpen,Groenten,Materialen
https://digitaalerfgoed.poolparty.biz/nhaf/34311717-40dd-2bb5-6ee6-7d0442933261,hout,http://data.beeldengeluid.nl/gtaa/28463,Onderwerpen,Hout,Materialen
https://digitaalerfgoed.poolparty.biz/nhaf/19ef74b0-7496-27e0-b927-fb5bcbb65868,kaas,http://data.beeldengeluid.nl/gtaa/28356,Onderwerpen,Kaas,Materialen
https://digitaalerfgoed.poolparty.biz/nhaf/ed5a20ec-a0ac-06e7-0f76-b44a31c44cf5,koffie,http://data.beeldengeluid.nl/gtaa/27189,Onderwerpen,Koffie,Materialen
https://digitaalerfgoed.poolparty.biz/nhaf/3e5ff8c6-0786-c560-c073-a9cef9ea2aff,voedingsmiddelen,http://data.beeldengeluid.nl/gtaa/27817,Onderwerpen,Levensmiddelen,Materialen
https://digitaalerfgoed.poolparty.biz/nhaf/11c0b0c4-0a96-11ee-be56-0242ac120002,materialen,http://data.beeldengeluid.nl/gtaa/30012,Onderwerpen,Materialen,Materialen
https://digitaalerfgoed.poolparty.biz/nhaf/2732bf60-5570-015d-5859-3d327175bfc7,metalen,http://data.beeldengeluid.nl/gtaa/27790,Onderwerpen,Metaal,Materialen
https://digitaalerfgoed.poolparty.biz/nhaf/7f653d67-82d7-cb67-646f-94e98fca1ce7,plastics,http://data.beeldengeluid.nl/gtaa/29848,Onderwerpen,Plastic,Materialen
https://digitaalerfgoed.poolparty.biz/nhaf/7496b0c9-969f-3c05-85e8-b7d76dd6e0a1,rubber,http://data.beeldengeluid.nl/gtaa/28129,Onderwerpen,Rubber,Materialen
https://digitaalerfgoed.poolparty.biz/nhaf/32e29fc4-cfc9-5b4d-95e9-16c8ae60105a,sneeuw,http://data.beeldengeluid.nl/gtaa/28117,Onderwerpen,Sneeuw,Materialen
https://digitaalerfgoed.poolparty.biz/nhaf/4c26b614-0d17-aa0b-c227-091f64921bed,suiker,http://data.beeldengeluid.nl/gtaa/27909,Onderwerpen,Suiker,Materialen
https://digitaalerfgoed.poolparty.biz/nhaf/d7f74242-22d4-8de3-7533-e84444560ea3,tabak,http://data.beeldengeluid.nl/gtaa/26884,Onderwerpen,Tabak,Materialen
https://digitaalerfgoed.poolparty.biz/nhaf/dc2d1519-f5cc-06fa-5478-2681a237ad15,textiel,http://data.beeldengeluid.nl/gtaa/26925,Onderwerpen,Textiel,Materialen
https://digitaalerfgoed.poolparty.biz/nhaf/6f82248e-d829-a0b7-2b7e-d5564b970c7e,thee,http://data.beeldengeluid.nl/gtaa/28161,Onderwerpen,Thee,Materialen
https://digitaalerfgoed.poolparty.biz/nhaf/3ce57e15-ba9a-2658-dc21-ada1de63e28e,verf,http://data.beeldengeluid.nl/gtaa/27221,Onderwerpen,Verf,Materialen
https://digitaalerfgoed.poolparty.biz/nhaf/0bd74cac-dcc2-82e7-378f-87d55255393e,afval,http://data.beeldengeluid.nl/gtaa/25332,Onderwerpen,Vuilnis,Materialen
https://digitaalerfgoed.poolparty.biz/nhaf/0a0997de-6453-e80b-0a04-750bbbf706c3,wasmiddelen,http://data.beeldengeluid.nl/gtaa/27347,Onderwerpen,Wasmiddelen,Materialen
https://digitaalerfgoed.poolparty.biz/nhaf/6d0ba010-61f1-1e66-7e6c-24ee30f335d0,water,http://data.beeldengeluid.nl/gtaa/25179,Onderwerpen,Water,Materialen
https://digitaalerfgoed.poolparty.biz/nhaf/09fe0a09-b137-4452-2e94-265708700722,wijn,http://data.beeldengeluid.nl/gtaa/27396,Onderwerpen,Wijn,Materialen
https://digitaalerfgoed.poolparty.biz/nhaf/4fa13fe5-fe7c-c102-8128-e728c3cf18a3,zand,http://data.beeldengeluid.nl/gtaa/27432,Onderwerpen,Zand,Materialen
https://digitaalerfgoed.poolparty.biz/nhaf/49569948-3ba5-7c1f-6313-dd34868c7dac,zeep,http://data.beeldengeluid.nl/gtaa/27447,Onderwerpen,Zeep,Materialen
https://digitaalerfgoed.poolparty.biz/nhaf/79ec200f-ecfb-fe0f-6753-5646f2e22091,zilver,http://data.beeldengeluid.nl/gtaa/28064,Onderwerpen,Zilver,Materialen
https://digitaalerfgoed.poolparty.biz/nhaf/d82754ee-8f12-b68f-8b32-8cf5f5d8ff31,advertenties,http://data.beeldengeluid.nl/gtaa/27937,Onderwerpen,Advertentie,Objecten
https://digitaalerfgoed.poolparty.biz/nhaf/977c9e7a-721a-6cf3-10e4-77d1aa2d3510,afgravingen,http://data.beeldengeluid.nl/gtaa/25327,Onderwerpen,Afgravingen,Objecten
https://digitaalerfgoed.poolparty.biz/nhaf/d787e8a3-dce2-9da3-0bd3-64398e7dfa48,afval,http://data.beeldengeluid.nl/gtaa/25332,Onderwerpen,Afval,Objecten
https://digitaalerfgoed.poolparty.biz/nhaf/5ac78295-bb24-b2d5-f860-f12b4d017592,antiek,http://data.beeldengeluid.nl/gtaa/25363,Onderwerpen,Antiek,Objecten
https://digitaalerfgoed.poolparty.biz/nhaf/96759b8b-8ef7-86bf-7bbb-dbcc1324f18e,apotheken,http://data.beeldengeluid.nl/gtaa/25373,Onderwerpen,Apotheken,Objecten
https://digitaalerfgoed.poolparty.biz/nhaf/d1624c08-7a13-f879-575a-1c7a744fc6b3,aquaria,http://data.beeldengeluid.nl/gtaa/25376,Onderwerpen,Aquaria,Objecten
https://digitaalerfgoed.poolparty.biz/nhaf/e789d887-8128-ae67-c2bb-0601901a73d8,ateliers,http://data.beeldengeluid.nl/gtaa/27951,Onderwerpen,Atelier,Objecten
https://digitaalerfgoed.poolparty.biz/nhaf/7adca65d-4e7f-0cad-d7cc-fb40bb6d74aa,kruisraketten,http://data.beeldengeluid.nl/gtaa/26112,Onderwerpen,Atoom en kernwapers en kruisraketten,Objecten
https://digitaalerfgoed.poolparty.biz/nhaf/74a0da3a-76be-8d13-4165-e38349199cf7,automaten,http://data.beeldengeluid.nl/gtaa/27950,Onderwerpen,Automaten,Objecten
https://digitaalerfgoed.poolparty.biz/nhaf/04f3222e-ded8-24be-8297-7194b3dfd558,badhuizen,http://data.beeldengeluid.nl/gtaa/25421,Onderwerpen,Badhuizen,Objecten
https://digitaalerfgoed.poolparty.biz/nhaf/5435fb8d-5ab9-2911-a6ea-c073e3072fc0,bakkers,http://data.beeldengeluid.nl/gtaa/25427,Onderwerpen,"Bakkerij, bakkers",Objecten
https://digitaalerfgoed.poolparty.biz/nhaf/6e46d55a-6517-9c9f-a4b1-1803ebd5c153,cafés,http://data.beeldengeluid.nl/gtaa/28517,Onderwerpen,Bar,Objecten
https://digitaalerfgoed.poolparty.biz/nhaf/e95b1b8c-c1e8-520c-928a-8bf9e6158ea8,beeldhouwwerken,http://data.beeldengeluid.nl/gtaa/24935,Onderwerpen,"Beelden, beeldhouwwerken",Objecten
https://digitaalerfgoed.poolparty.biz/nhaf/aac46044-8211-8352-e989-8768ce86d1e2,bibliotheken,http://data.beeldengeluid.nl/gtaa/24973,Onderwerpen,Bibliotheek,Objecten
https://digitaalerfgoed.poolparty.biz/nhaf/27fab313-8532-0d6f-aa8c-e00f3abcccdc,bloembollen,http://data.beeldengeluid.nl/gtaa/25287,Onderwerpen,Bloembollen,Objecten
https://digitaalerfgoed.poolparty.biz/nhaf/184e132b-202f-928b-da55-0bf44816eb26,boerderijen,http://data.beeldengeluid.nl/gtaa/27958,Onderwerpen,Boerderijen,Objecten
https://digitaalerfgoed.poolparty.biz/nhaf/95c1964b-8ff2-9c10-45fa-cab20df198fb,booreilanden,http://data.beeldengeluid.nl/gtaa/25027,Onderwerpen,Booreilanden,Objecten
https://digitaalerfgoed.poolparty.biz/nhaf/bcf6e1b6-1d1c-21ca-f2e5-68277b53aa0e,seksclubs,http://data.beeldengeluid.nl/gtaa/25029,Onderwerpen,Bordelen,Objecten
https://digitaalerfgoed.poolparty.biz/nhaf/07731739-5355-50b5-7197-3988f73d1f9c,bossen,http://data.beeldengeluid.nl/gtaa/28216,Onderwerpen,Bossen,Objecten
https://digitaalerfgoed.poolparty.biz/nhaf/fac79ab6-2b81-2401-d759-6097680890ba,schepen,http://data.beeldengeluid.nl/gtaa/28142,Onderwerpen,Boten,Objecten
https://digitaalerfgoed.poolparty.biz/nhaf/bc5782b9-6822-1dcc-b043-b9b7aa727c87,kluizen,http://data.beeldengeluid.nl/gtaa/25044,Onderwerpen,Brandkasten,Objecten
https://digitaalerfgoed.poolparty.biz/nhaf/949419ba-c654-8f11-d003-e1c776ecdc62,bunkers,http://data.beeldengeluid.nl/gtaa/28971,Onderwerpen,Bunkers,Objecten
https://digitaalerfgoed.poolparty.biz/nhaf/14ce338b-420f-39fd-96eb-93c8ed7859d2,cafés,http://data.beeldengeluid.nl/gtaa/28517,Onderwerpen,Cafe,Objecten
https://digitaalerfgoed.poolparty.biz/nhaf/97e1ba0a-fc39-76c8-9f61-8533e594a49d,campings,http://data.beeldengeluid.nl/gtaa/28523,Onderwerpen,Camping,Objecten
https://digitaalerfgoed.poolparty.biz/nhaf/19ea3543-c1e1-0168-7e99-1a85b9fe6cbd,caravans,http://data.beeldengeluid.nl/gtaa/25083,Onderwerpen,Caravan,Objecten
https://digitaalerfgoed.poolparty.biz/nhaf/b2995f88-942c-4014-db49-e64d3b163ad6,Cinderella,http://data.beeldengeluid.nl/gtaa/50319,Namen,Cinderella,Objecten
https://digitaalerfgoed.poolparty.biz/nhaf/27bc2edf-45c5-0939-426a-fee6d6654a14,verenigingen,http://data.beeldengeluid.nl/gtaa/25177,Onderwerpen,Club,Objecten
https://digitaalerfgoed.poolparty.biz/nhaf/949de6bc-b218-9aee-be88-28bda7831f5d,buurthuizen,http://data.beeldengeluid.nl/gtaa/25069,Onderwerpen,Clubhuizen,Objecten
https://digitaalerfgoed.poolparty.biz/nhaf/b54a997a-f7b9-b5b3-f79d-4e803d22e69c,computers,http://data.beeldengeluid.nl/gtaa/28497,Onderwerpen,Computers,Objecten
https://digitaalerfgoed.poolparty.biz/nhaf/9e15fab5-e107-0538-b09e-f966a9e4d8fa,containers,http://data.beeldengeluid.nl/gtaa/25452,Onderwerpen,Containers,Objecten
https://digitaalerfgoed.poolparty.biz/nhaf/9bab3b49-945a-7576-e8fa-8f5f5c08744c,decors,http://data.beeldengeluid.nl/gtaa/25487,Onderwerpen,Decor,Objecten
https://digitaalerfgoed.poolparty.biz/nhaf/bc1a3b16-61b7-e86c-0950-0fd1416b0735,deuren,http://data.beeldengeluid.nl/gtaa/29218,Onderwerpen,Deuren,Objecten
https://digitaalerfgoed.poolparty.biz/nhaf/b3565713-2b00-0256-5999-11d1d915aa7e,dierentuinen,http://data.beeldengeluid.nl/gtaa/28551,Onderwerpen,Dierentuinen,Objecten
https://digitaalerfgoed.poolparty.biz/nhaf/e63c3d7d-4fd1-248f-4b95-079cc065fc26,dijken,http://data.beeldengeluid.nl/gtaa/28594,Onderwerpen,Dijken,Objecten
https://digitaalerfgoed.poolparty.biz/nhaf/df5df2b8-43c9-c450-afc7-145267c4859a,discotheken,http://data.beeldengeluid.nl/gtaa/28651,Onderwerpen,Discotheken,Objecten
https://digitaalerfgoed.poolparty.biz/nhaf/5a70a6c3-b493-5c5c-4151-a75f2b74ae27,draaiorgels,http://data.beeldengeluid.nl/gtaa/25554,Onderwerpen,Draaiorgels,Objecten
https://digitaalerfgoed.poolparty.biz/nhaf/9d9652f5-9271-77c6-5bf9-b260c8210309,graafmachines,http://data.beeldengeluid.nl/gtaa/25803,Onderwerpen,Draglines,Objecten
https://digitaalerfgoed.poolparty.biz/nhaf/94cc095d-b216-2489-1f6f-406c8c174ed4,drukkerijen,http://data.beeldengeluid.nl/gtaa/25569,Onderwerpen,"Drukkerij, drukken",Objecten
https://digitaalerfgoed.poolparty.biz/nhaf/0c60a81b-7b15-0dad-daab-a0e05ea7dd57,duinen,http://data.beeldengeluid.nl/gtaa/28608,Onderwerpen,Duinen,Objecten
https://digitaalerfgoed.poolparty.biz/nhaf/74e605ac-c8a7-51c4-73d0-55a85fcf8139,eilanden,http://data.beeldengeluid.nl/gtaa/25601,Onderwerpen,Eilanden,Objecten
https://digitaalerfgoed.poolparty.biz/nhaf/65438107-6885-9cbd-d2b6-16c5a9ba7d98,fokkerijen,http://data.beeldengeluid.nl/gtaa/25702,Onderwerpen,Fokkerij,Objecten
https://digitaalerfgoed.poolparty.biz/nhaf/ed68cc18-82a0-2e0d-58f2-6ca35760428b,fonteinen,http://data.beeldengeluid.nl/gtaa/28583,Onderwerpen,Fonteinen,Objecten
https://digitaalerfgoed.poolparty.biz/nhaf/e200969b-b590-a7c9-8f47-c49159897175,vestingen,http://data.beeldengeluid.nl/gtaa/27804,Onderwerpen,Fort,Objecten
https://digitaalerfgoed.poolparty.biz/nhaf/805a874e-6abb-56b3-6ea5-9ca36821b63c,fruit,http://data.beeldengeluid.nl/gtaa/28570,Onderwerpen,Fruit,Objecten
https://digitaalerfgoed.poolparty.biz/nhaf/0605058a-d280-747c-d4e1-52cf25bcadbc,garages,http://data.beeldengeluid.nl/gtaa/28574,Onderwerpen,Garages,Objecten
https://digitaalerfgoed.poolparty.biz/nhaf/f351b8ce-7f62-d39e-be81-eba9fccc8713,gebouwen,http://data.beeldengeluid.nl/gtaa/28322,Onderwerpen,Gebouwen,Objecten
https://digitaalerfgoed.poolparty.biz/nhaf/e125c46a-69fa-4682-59da-8c1ec9a83b29,gedenktekens,http://data.beeldengeluid.nl/gtaa/28324,Onderwerpen,Gedenksteen,Objecten
https://digitaalerfgoed.poolparty.biz/nhaf/b9ace4e2-a0e9-0039-715e-24fd07b00148,geld,http://data.beeldengeluid.nl/gtaa/28029,Onderwerpen,Geld,Objecten
https://digitaalerfgoed.poolparty.biz/nhaf/5e99e3f2-d768-4df8-8900-a31dbaf051c8,gemeenten,http://data.beeldengeluid.nl/gtaa/28193,Onderwerpen,Gemeente,Objecten
https://digitaalerfgoed.poolparty.biz/nhaf/ba8a470b-aa49-d420-5062-537e774e9263,gerechtsgebouwen,http://data.beeldengeluid.nl/gtaa/25758,Onderwerpen,Gerechtsgebouwen,Objecten
https://digitaalerfgoed.poolparty.biz/nhaf/34e0d83b-c6b0-21c8-4ca4-11922a2ce803,gevels,http://data.beeldengeluid.nl/gtaa/28349,Onderwerpen,"Gevel, gevelstenen",Objecten
https://digitaalerfgoed.poolparty.biz/nhaf/c48b0f1e-bacd-d978-6c3f-d667df99d50c,grachten,http://data.beeldengeluid.nl/gtaa/28286,Onderwerpen,Grachten,Objecten
https://digitaalerfgoed.poolparty.biz/nhaf/d34f514f-879a-072a-7914-bf0e5f929821,graven,http://data.beeldengeluid.nl/gtaa/28291,Onderwerpen,Graven,Objecten
https://digitaalerfgoed.poolparty.biz/nhaf/d13aa151-abef-27fd-8962-985d1e469d79,havens,http://data.beeldengeluid.nl/gtaa/28271,Onderwerpen,Havens,Objecten
https://digitaalerfgoed.poolparty.biz/nhaf/50e63ee8-156b-5c27-c350-8be66bcefde9,Nederlands Hervormde Kerk,http://data.beeldengeluid.nl/gtaa/63106,Namen,Hervormde Kerk,Objecten
https://digitaalerfgoed.poolparty.biz/nhaf/c7402142-0500-cd3a-8b2a-39351474c57b,hofjes,http://data.beeldengeluid.nl/gtaa/28300,Onderwerpen,Hofjes,Objecten
https://digitaalerfgoed.poolparty.biz/nhaf/575e4068-a7e2-b5bc-9841-b6ff561c65f8,Hoogovens,http://data.beeldengeluid.nl/gtaa/56497,Namen,Hoogovens,Objecten
https://digitaalerfgoed.poolparty.biz/nhaf/a04b480e-23d7-fa76-6cae-41b8225d0b4d,horeca,http://data.beeldengeluid.nl/gtaa/28460,Onderwerpen,Horeca,Objecten
https://digitaalerfgoed.poolparty.biz/nhaf/cdcf27e1-e49c-536e-f2c1-a23d8b1150e7,hotels,http://data.beeldengeluid.nl/gtaa/28462,Onderwerpen,Hotels,Objecten
https://digitaalerfgoed.poolparty.biz/nhaf/a36ea3cb-441c-2c3d-c62a-f0e742485584,huisvesting,http://data.beeldengeluid.nl/gtaa/28447,Onderwerpen,Huisvesting,Objecten
https://digitaalerfgoed.poolparty.biz/nhaf/9ae9b9d2-9a73-7beb-3936-3a03c7531fb3,hutten,http://data.beeldengeluid.nl/gtaa/28451,Onderwerpen,Hutten,Objecten
https://digitaalerfgoed.poolparty.biz/nhaf/209a4433-b543-d487-43f3-e96e1edee916,instrumenten,http://data.beeldengeluid.nl/gtaa/25983,Onderwerpen,Instrumenten,Objecten
https://digitaalerfgoed.poolparty.biz/nhaf/e2c255af-e3ff-619f-530d-e64dee9f6bd2,interieurs,http://data.beeldengeluid.nl/gtaa/27417,Onderwerpen,Interieur,Objecten
https://digitaalerfgoed.poolparty.biz/nhaf/45afe48a-cad3-f1e1-481d-e0c91c0d5b24,jeugdherbergen,http://data.beeldengeluid.nl/gtaa/28368,Onderwerpen,Jeugdherbergen,Objecten
https://digitaalerfgoed.poolparty.biz/nhaf/ad1e658f-97ae-e760-05fc-9dc02d5191a5,kaarsen,http://data.beeldengeluid.nl/gtaa/28637,Onderwerpen,Kaarsen,Objecten
https://digitaalerfgoed.poolparty.biz/nhaf/77345c27-9a02-5fb1-f1f9-a30a5fdbf725,ansichtkaarten,http://data.beeldengeluid.nl/gtaa/27931,Onderwerpen,Kaarten,Objecten
https://digitaalerfgoed.poolparty.biz/nhaf/01509d8a-25b2-a3c0-fc1b-4b501c7604a9,verwarmingsapparaten,http://data.beeldengeluid.nl/gtaa/27844,Onderwerpen,Kachels,Objecten
https://digitaalerfgoed.poolparty.biz/nhaf/a4a96396-a829-69e1-a4b6-946fc8b38121,rechtbanken,http://data.beeldengeluid.nl/gtaa/26605,Onderwerpen,Kantongerecht,Objecten
https://digitaalerfgoed.poolparty.biz/nhaf/a711981b-4396-9c69-0318-03ea8cee54af,kassen,http://data.beeldengeluid.nl/gtaa/28441,Onderwerpen,Kassen,Objecten
https://digitaalerfgoed.poolparty.biz/nhaf/e7cc71a6-02c8-e9e1-cec8-04ae4bb847a5,kastelen,http://data.beeldengeluid.nl/gtaa/28442,Onderwerpen,Kastelen,Objecten
https://digitaalerfgoed.poolparty.biz/nhaf/a36695da-4357-f335-92aa-11f0cacdfe86,kerken,http://data.beeldengeluid.nl/gtaa/28215,Onderwerpen,Kerken,Objecten
https://digitaalerfgoed.poolparty.biz/nhaf/3eb397e9-8df2-a00e-c22a-19f03f490e09,klederdrachten,http://data.beeldengeluid.nl/gtaa/27198,Onderwerpen,Klederdrachten,Objecten
https://digitaalerfgoed.poolparty.biz/nhaf/7d8991a5-fba3-7425-2d09-62cec526acc4,kleding,http://data.beeldengeluid.nl/gtaa/27200,Onderwerpen,Kleding,Objecten
https://digitaalerfgoed.poolparty.biz/nhaf/74523b0c-2180-7ce5-8e1e-932f0d081580,kloosters,http://data.beeldengeluid.nl/gtaa/27186,Onderwerpen,Kloosters,Objecten
https://digitaalerfgoed.poolparty.biz/nhaf/9c7434b0-ea4e-63f9-8853-a62d37ce6bac,Kraantje Lek,http://data.beeldengeluid.nl/gtaa/59061,Namen,Kraantje Lek,Objecten
https://digitaalerfgoed.poolparty.biz/nhaf/4e03c8c6-f90a-26ee-182e-d45a0766d705,hijskranen,http://data.beeldengeluid.nl/gtaa/28295,Onderwerpen,Kranen,Objecten
https://digitaalerfgoed.poolparty.biz/nhaf/ec936de4-637c-d464-6201-9733d9067c48,kranten,http://data.beeldengeluid.nl/gtaa/28236,Onderwerpen,Kranten,Objecten
https://digitaalerfgoed.poolparty.biz/nhaf/f851bf07-c8c0-1877-7425-800fb19a8158,herstellingsoorden,http://data.beeldengeluid.nl/gtaa/28057,Onderwerpen,Kuuroorden,Objecten
https://digitaalerfgoed.poolparty.biz/nhaf/a32a2f0e-a2d8-2230-3d60-97a201e6913a,kwekerijen,http://data.beeldengeluid.nl/gtaa/27155,Onderwerpen,"Kwekerijen, kwekers",Objecten
https://digitaalerfgoed.poolparty.biz/nhaf/051df231-1a9a-f6f5-f86c-3a83c32be91a,landgoederen,http://data.beeldengeluid.nl/gtaa/26139,Onderwerpen,Landgoederen,Objecten
https://digitaalerfgoed.poolparty.biz/nhaf/47640417-4863-f15a-42e9-b1336246d8ed,landschappen,http://data.beeldengeluid.nl/gtaa/25172,Onderwerpen,Landschappen,Objecten
https://digitaalerfgoed.poolparty.biz/nhaf/bf021bc9-3806-adf8-c728-6661d9c0e259,lederwaren,http://data.beeldengeluid.nl/gtaa/26150,Onderwerpen,Lederwaren,Objecten
https://digitaalerfgoed.poolparty.biz/nhaf/f3bcd440-2a41-4fc3-570b-1614cad3e1f0,liften,http://data.beeldengeluid.nl/gtaa/27179,Onderwerpen,Liften,Objecten
https://digitaalerfgoed.poolparty.biz/nhaf/d109c140-f0a3-fda3-2b2b-afb673a5f395,machines,http://data.beeldengeluid.nl/gtaa/27769,Onderwerpen,Machines V.,Objecten
https://digitaalerfgoed.poolparty.biz/nhaf/cd9566f9-cd66-bd97-1fd0-cd5485f63f98,maskers,http://data.beeldengeluid.nl/gtaa/26232,Onderwerpen,Maskers,Objecten
https://digitaalerfgoed.poolparty.biz/nhaf/c258c418-f4f6-3462-5f96-ff64d7997856,medailles,http://data.beeldengeluid.nl/gtaa/27767,Onderwerpen,Medailles,Objecten
https://digitaalerfgoed.poolparty.biz/nhaf/c1b1b941-542e-cd1a-4b01-9b86ab4a5810,mijnen,http://data.beeldengeluid.nl/gtaa/28257,Onderwerpen,Mijnen,Objecten
https://digitaalerfgoed.poolparty.biz/nhaf/3dbef967-a1ff-9709-d1b8-fc968c9e4121,molens,http://data.beeldengeluid.nl/gtaa/27748,Onderwerpen,Molens,Objecten
https://digitaalerfgoed.poolparty.biz/nhaf/cc7bb2b6-2265-40d4-df55-f5568a6e850d,monumenten,http://data.beeldengeluid.nl/gtaa/27753,Onderwerpen,Monumenten,Objecten
https://digitaalerfgoed.poolparty.biz/nhaf/19039ffd-7791-c3a6-7896-2a6bda5ee026,munitie,http://data.beeldengeluid.nl/gtaa/28261,Onderwerpen,Munitie,Objecten
https://digitaalerfgoed.poolparty.biz/nhaf/a7cbbea1-b36d-5acc-4e48-f3733ca961f3,muren,http://data.beeldengeluid.nl/gtaa/26347,Onderwerpen,Muren,Objecten
https://digitaalerfgoed.poolparty.biz/nhaf/4b75f12f-86a8-4664-d059-cb4dbdd95f37,muurschilderingen,http://data.beeldengeluid.nl/gtaa/27739,Onderwerpen,Muurschildering,Objecten
https://digitaalerfgoed.poolparty.biz/nhaf/05ae908a-31f7-14c6-e5ba-b03b0aff3a57,muziekonderwijs,http://data.beeldengeluid.nl/gtaa/27588,Onderwerpen,Muziekschool,Objecten
https://digitaalerfgoed.poolparty.biz/nhaf/ff4cd823-9f8c-861e-2902-19de03d260fc,Nederlands Hervormde Kerk,http://data.beeldengeluid.nl/gtaa/63106,Namen,Ned. Hervormde Kerk,Objecten
https://digitaalerfgoed.poolparty.biz/nhaf/e1b222c6-48a9-49fd-97e8-fc46c24f496e,nieuwbouw,http://data.beeldengeluid.nl/gtaa/26381,Onderwerpen,Nieuwbouw,Objecten
https://digitaalerfgoed.poolparty.biz/nhaf/5c3c3f4a-a95e-ba77-7aa8-05ab5c0e7069,openluchttheater,http://data.beeldengeluid.nl/gtaa/29680,Onderwerpen,Openluchttheater,Objecten
https://digitaalerfgoed.poolparty.biz/nhaf/f0bc5bda-f027-0f24-565c-6d6daeea5cf2,opslagplaatsen,http://data.beeldengeluid.nl/gtaa/25240,Onderwerpen,Opslagplaatsen,Objecten
https://digitaalerfgoed.poolparty.biz/nhaf/f56fdd65-2265-79ec-c621-2dbf71b0a981,parken,http://data.beeldengeluid.nl/gtaa/25261,Onderwerpen,Parken,Objecten
https://digitaalerfgoed.poolparty.biz/nhaf/34150733-dd02-bbc9-3499-5b07931f8c48,paspoorten,http://data.beeldengeluid.nl/gtaa/29276,Onderwerpen,Paspoorten,Objecten
https://digitaalerfgoed.poolparty.biz/nhaf/d3913d13-faf5-bea0-b2ed-678384c6dacc,pensions,http://data.beeldengeluid.nl/gtaa/26500,Onderwerpen,Pension,Objecten
https://digitaalerfgoed.poolparty.biz/nhaf/f31b9743-26b7-808b-88d8-e66ad98237c3,pijpleidingen,http://data.beeldengeluid.nl/gtaa/25257,Onderwerpen,Pijpleidingen,Objecten
https://digitaalerfgoed.poolparty.biz/nhaf/99bd38f5-27e5-b0e6-be3f-b9a0970ce89d,pleinen,http://data.beeldengeluid.nl/gtaa/27132,Onderwerpen,Pleinen,Objecten
https://digitaalerfgoed.poolparty.biz/nhaf/cc400738-e8fa-1123-c8f6-fe60c932d59e,polders,http://data.beeldengeluid.nl/gtaa/29010,Onderwerpen,Polder,Objecten
https://digitaalerfgoed.poolparty.biz/nhaf/60dc5428-ca4e-c087-1fc2-76166916b3d2,veerboten,http://data.beeldengeluid.nl/gtaa/28702,Onderwerpen,Ponten,Objecten
https://digitaalerfgoed.poolparty.biz/nhaf/367c7e72-2ee2-5bd9-89a3-c82e81e9979a,poorten,http://data.beeldengeluid.nl/gtaa/26549,Onderwerpen,Poorten,Objecten
https://digitaalerfgoed.poolparty.biz/nhaf/a9208ebc-d5f7-3fe6-14c1-05a880ba0690,portretten,http://data.beeldengeluid.nl/gtaa/27140,Onderwerpen,Portretten,Objecten
https://digitaalerfgoed.poolparty.biz/nhaf/1a9b4913-d6d5-8828-4589-b8ddea9348d9,pottenbakkers,http://data.beeldengeluid.nl/gtaa/26559,Onderwerpen,Pottenbakkerij,Objecten
https://digitaalerfgoed.poolparty.biz/nhaf/4b3e3003-01f3-f27b-972e-c967b780bdf7,puzzels,http://data.beeldengeluid.nl/gtaa/26586,Onderwerpen,Puzzel,Objecten
https://digitaalerfgoed.poolparty.biz/nhaf/5da97910-7c73-6227-1973-3ddaaad4939f,raketten,http://data.beeldengeluid.nl/gtaa/29063,Onderwerpen,Raketten,Objecten
https://digitaalerfgoed.poolparty.biz/nhaf/dfabd5c5-8971-3124-a293-a682073c1627,rechtbanken,http://data.beeldengeluid.nl/gtaa/26605,Onderwerpen,Rechtbank,Objecten
https://digitaalerfgoed.poolparty.biz/nhaf/ff00eb61-9630-df80-d15c-adc199b59c60,relatiegeschenken,http://data.beeldengeluid.nl/gtaa/26632,Onderwerpen,Relatiegeschenken,Objecten
https://digitaalerfgoed.poolparty.biz/nhaf/7120bcd0-8fad-78c9-c2e8-72af972f7779,restaurants,http://data.beeldengeluid.nl/gtaa/27116,Onderwerpen,Restaurant,Objecten
https://digitaalerfgoed.poolparty.biz/nhaf/a259cf92-cab2-ce62-9604-ee3925a7f58c,rioleringen,http://data.beeldengeluid.nl/gtaa/28737,Onderwerpen,Riolering,Objecten
https://digitaalerfgoed.poolparty.biz/nhaf/b44e6108-89b1-cd2c-cfd4-e0bd627cffbd,satellieten,http://data.beeldengeluid.nl/gtaa/27761,Onderwerpen,Satelliet,Objecten
https://digitaalerfgoed.poolparty.biz/nhaf/845ba975-4438-b010-20e6-acf985e09c2a,schepen,http://data.beeldengeluid.nl/gtaa/28142,Onderwerpen,Schepen,Objecten
https://digitaalerfgoed.poolparty.biz/nhaf/b0f67d71-438e-da95-e022-94d65887f15a,schoorstenen,http://data.beeldengeluid.nl/gtaa/28146,Onderwerpen,Schoorstenen,Objecten
https://digitaalerfgoed.poolparty.biz/nhaf/72230b8d-b694-4e7a-8849-177a725ddb51,schouwburgen,http://data.beeldengeluid.nl/gtaa/28160,Onderwerpen,Schouwburg,Objecten
https://digitaalerfgoed.poolparty.biz/nhaf/f07be2fe-af25-0521-be8c-63ae1639a1cd,sieraden,http://data.beeldengeluid.nl/gtaa/26714,Onderwerpen,Sieraden,Objecten
https://digitaalerfgoed.poolparty.biz/nhaf/92c36bbc-0cd4-bc31-554d-35f5814b0e12,skateboarden,http://data.beeldengeluid.nl/gtaa/27013,Onderwerpen,Skateboard,Objecten
https://digitaalerfgoed.poolparty.biz/nhaf/a5fd7b23-598e-486a-ed5b-70c0c034fd4d,snackbars,http://data.beeldengeluid.nl/gtaa/26748,Onderwerpen,Snackbar,Objecten
https://digitaalerfgoed.poolparty.biz/nhaf/f10c5f2c-f39e-7f48-eb2d-fcce27cf3321,souvenirs,http://data.beeldengeluid.nl/gtaa/26763,Onderwerpen,Souvenirs,Objecten
https://digitaalerfgoed.poolparty.biz/nhaf/ac307904-97b3-75f4-af57-e2b6f32ccf27,spandoeken,http://data.beeldengeluid.nl/gtaa/29801,Onderwerpen,Spandoeken,Objecten
https://digitaalerfgoed.poolparty.biz/nhaf/4f4c449f-8dc1-a132-228a-026cdbf90ab9,spiegels,http://data.beeldengeluid.nl/gtaa/29031,Onderwerpen,Spiegels,Objecten
https://digitaalerfgoed.poolparty.biz/nhaf/0238f05d-4980-4919-8546-636b0bfd6573,spoorwegen,http://data.beeldengeluid.nl/gtaa/25166,Onderwerpen,Spoorwegen,Objecten
https://digitaalerfgoed.poolparty.biz/nhaf/8278f53a-9633-c962-c08c-7a0216189ed2,sportscholen,http://data.beeldengeluid.nl/gtaa/29676,Onderwerpen,Sportscholen,Objecten
https://digitaalerfgoed.poolparty.biz/nhaf/4ac2654a-de7c-1ee8-f804-a02ae67c55e3,gemeentehuizen,http://data.beeldengeluid.nl/gtaa/27908,Onderwerpen,Stadhuizen,Objecten
https://digitaalerfgoed.poolparty.biz/nhaf/790bf38a-928e-76e5-f901-07bd64f0a8d9,standbeelden,http://data.beeldengeluid.nl/gtaa/27898,Onderwerpen,Standbeelden,Objecten
https://digitaalerfgoed.poolparty.biz/nhaf/a777fd7a-f512-848d-6c65-9bed6f8ec161,stations,http://data.beeldengeluid.nl/gtaa/26818,Onderwerpen,Station,Objecten
https://digitaalerfgoed.poolparty.biz/nhaf/79eef509-15ef-2811-59fe-0b6563ad4ad0,steden,http://data.beeldengeluid.nl/gtaa/28244,Onderwerpen,Steden,Objecten
https://digitaalerfgoed.poolparty.biz/nhaf/7ed55f84-c5f7-254a-b945-ea76dca3f2e5,sterrenwachten,http://data.beeldengeluid.nl/gtaa/26833,Onderwerpen,Sterrenwacht,Objecten
https://digitaalerfgoed.poolparty.biz/nhaf/9d40eda5-1d86-c94e-f410-6d34dcb561a9,straten,http://data.beeldengeluid.nl/gtaa/27919,Onderwerpen,Straten,Objecten
https://digitaalerfgoed.poolparty.biz/nhaf/cb732495-0201-07ea-ad01-1180e0f849b3,supermarkten,http://data.beeldengeluid.nl/gtaa/27912,Onderwerpen,Supermarkt,Objecten
https://digitaalerfgoed.poolparty.biz/nhaf/25b76408-abaa-a8d1-4227-a41a3a628992,gebak,http://data.beeldengeluid.nl/gtaa/28320,Onderwerpen,Taarten,Objecten
https://digitaalerfgoed.poolparty.biz/nhaf/7f25e416-6f2a-56da-5463-a67f1d56fd46,tatoeages,http://data.beeldengeluid.nl/gtaa/28164,Onderwerpen,Tatoeages,Objecten
https://digitaalerfgoed.poolparty.biz/nhaf/abf783e9-ffa7-5b42-5ba2-24290845502d,tegels,http://data.beeldengeluid.nl/gtaa/30047,Onderwerpen,Tegels,Objecten
https://digitaalerfgoed.poolparty.biz/nhaf/9e763502-7017-bc20-6a6a-51ee40bb06f3,tehuizen,http://data.beeldengeluid.nl/gtaa/28167,Onderwerpen,Tehuizen,Objecten
https://digitaalerfgoed.poolparty.biz/nhaf/5dc3b0ee-8391-7368-f4f0-e86608475d50,telefonie,http://data.beeldengeluid.nl/gtaa/28709,Onderwerpen,"Telefoon, telefonie",Objecten
https://digitaalerfgoed.poolparty.biz/nhaf/3ed251ad-90d8-b789-588e-80082627594b,tenten,http://data.beeldengeluid.nl/gtaa/26919,Onderwerpen,Tenten,Objecten
https://digitaalerfgoed.poolparty.biz/nhaf/adf12ad3-fdeb-fe84-3208-62948dbd129d,theater,http://data.beeldengeluid.nl/gtaa/28159,Onderwerpen,Theater,Objecten
https://digitaalerfgoed.poolparty.biz/nhaf/2e681df0-027f-2650-b1ff-53a8a1c2767e,sanitaire voorzieningen,http://data.beeldengeluid.nl/gtaa/28151,Onderwerpen,Toiletten,Objecten
https://digitaalerfgoed.poolparty.biz/nhaf/30dc5ce2-e4dd-065b-6ff7-7c5d8fa0a55c,trams,http://data.beeldengeluid.nl/gtaa/27783,Onderwerpen,Tram,Objecten
https://digitaalerfgoed.poolparty.biz/nhaf/d611e97b-9324-5366-86d9-c3e0b77054f3,treinen,http://data.beeldengeluid.nl/gtaa/28226,Onderwerpen,Treinen,Objecten
https://digitaalerfgoed.poolparty.biz/nhaf/d522e73e-453c-1c9e-ce0e-25f574e4195d,parken,http://data.beeldengeluid.nl/gtaa/25261,Onderwerpen,Tuinen en parken,Objecten
https://digitaalerfgoed.poolparty.biz/nhaf/1ce60426-80de-f7c1-9a96-7aedc977f6b0,tunnels,http://data.beeldengeluid.nl/gtaa/28094,Onderwerpen,Tunnels,Objecten
https://digitaalerfgoed.poolparty.biz/nhaf/7f4525dd-d970-2da8-381a-7ad83e6be225,uitvindingen,http://data.beeldengeluid.nl/gtaa/27833,Onderwerpen,Uitvindingen,Objecten
https://digitaalerfgoed.poolparty.biz/nhaf/9e426281-2c91-528b-c0c1-2098fac3cfcc,uitvindingen,http://data.beeldengeluid.nl/gtaa/27833,Onderwerpen,Uitvindingen,Objecten
https://digitaalerfgoed.poolparty.biz/nhaf/1d4a4c24-e096-00a5-a3d4-777c3bc8e034,universiteiten,http://data.beeldengeluid.nl/gtaa/27740,Onderwerpen,Universiteit,Objecten
https://digitaalerfgoed.poolparty.biz/nhaf/33445c22-1fed-b5ea-e3f4-24cc77d0ab0a,horloges,http://data.beeldengeluid.nl/gtaa/28461,Onderwerpen,Uurwerken,Objecten
https://digitaalerfgoed.poolparty.biz/nhaf/ef3e70f0-69a9-2ade-987e-0f9ad7dadfb9,vakantiehuizen,http://data.beeldengeluid.nl/gtaa/27066,Onderwerpen,Vakantiehuizen,Objecten
https://digitaalerfgoed.poolparty.biz/nhaf/93883bdf-c9b9-8339-7e4d-c27e29164238,Velsertunnel,http://data.beeldengeluid.nl/gtaa/73369,Namen,Velsertunnel,Objecten
https://digitaalerfgoed.poolparty.biz/nhaf/572d250f-ff69-5156-55f3-b01222ccf9b7,verlichting,http://data.beeldengeluid.nl/gtaa/28703,Onderwerpen,Verlichting,Objecten
https://digitaalerfgoed.poolparty.biz/nhaf/8b8f0292-1ee3-b26b-7537-580f8e000d6c,verwarming,http://data.beeldengeluid.nl/gtaa/27843,Onderwerpen,Verwarming,Objecten
https://digitaalerfgoed.poolparty.biz/nhaf/c97cf77a-b9e2-0b00-da53-de84edf7233a,viaducten,http://data.beeldengeluid.nl/gtaa/27805,Onderwerpen,Viaducten,Objecten
https://digitaalerfgoed.poolparty.biz/nhaf/b9c8dd51-ba87-abf9-374d-acd89d819afe,vijvers,http://data.beeldengeluid.nl/gtaa/27261,Onderwerpen,Vijvers,Objecten
https://digitaalerfgoed.poolparty.biz/nhaf/c38578e1-f85e-18fa-17d4-a74d818d76eb,vlaggen,http://data.beeldengeluid.nl/gtaa/28699,Onderwerpen,Vlaggen,Objecten
https://digitaalerfgoed.poolparty.biz/nhaf/c3f6727b-951c-6736-dba9-0ab2aa3aba47,Vleeshal,http://data.beeldengeluid.nl/gtaa/72300,Namen,Vleeshal,Objecten
https://digitaalerfgoed.poolparty.biz/nhaf/f19e28a5-072a-34e4-c9ac-191c4ea5db2e,vliegtuigen,http://data.beeldengeluid.nl/gtaa/27800,Onderwerpen,Vliegtuigen,Objecten
https://digitaalerfgoed.poolparty.biz/nhaf/f1044a4c-fffe-7705-19e6-0f0c637588fd,voetpaden,http://data.beeldengeluid.nl/gtaa/27821,Onderwerpen,Voetpaden,Objecten
https://digitaalerfgoed.poolparty.biz/nhaf/b47c8e31-2493-356b-6fd6-f6f859d2447d,tuinen,http://data.beeldengeluid.nl/gtaa/26975,Onderwerpen,Volkstuinen,Objecten
https://digitaalerfgoed.poolparty.biz/nhaf/ab6fd279-2f40-eb65-f7d6-3f39bbf5e5a0,volksuniversiteiten,http://data.beeldengeluid.nl/gtaa/27299,Onderwerpen,Volksuniversiteit,Objecten
https://digitaalerfgoed.poolparty.biz/nhaf/076eb9da-8d66-bc70-bde9-fb08745b2df2,vuurwerk,http://data.beeldengeluid.nl/gtaa/27329,Onderwerpen,Vuurwerk,Objecten
https://digitaalerfgoed.poolparty.biz/nhaf/98efefd7-1374-4875-261f-9af5ba08131a,muurschilderingen,http://data.beeldengeluid.nl/gtaa/27739,Onderwerpen,Wandschildering,Objecten
https://digitaalerfgoed.poolparty.biz/nhaf/4bf7018a-78d1-484b-b9e1-929e4f374432,wasserijen,http://data.beeldengeluid.nl/gtaa/27349,Onderwerpen,Wasserijen,Objecten
https://digitaalerfgoed.poolparty.biz/nhaf/ef866f46-d636-66b6-fd20-ceb62cca68ed,waterleiding,http://data.beeldengeluid.nl/gtaa/28738,Onderwerpen,Waterleiding,Objecten
https://digitaalerfgoed.poolparty.biz/nhaf/babb2681-b0f9-d579-fe11-0865ff8f3b32,waterbouw,http://data.beeldengeluid.nl/gtaa/28088,Onderwerpen,Waterwerken,Objecten
https://digitaalerfgoed.poolparty.biz/nhaf/654c4336-a462-0d9f-1070-c1a5fe06408f,weekbladen,http://data.beeldengeluid.nl/gtaa/29881,Onderwerpen,Weekbladen,Objecten
https://digitaalerfgoed.poolparty.biz/nhaf/1a5f68bf-684c-a4a8-0314-b0c6b7d5eb86,weilanden,http://data.beeldengeluid.nl/gtaa/27369,Onderwerpen,Weilanden,Objecten
https://digitaalerfgoed.poolparty.biz/nhaf/fbd12464-cf71-fcf5-3a62-87046ea73590,Willem Barendsz,http://data.beeldengeluid.nl/gtaa/73449,Namen,"Willem Barends, walvisvaarder",Objecten
https://digitaalerfgoed.poolparty.biz/nhaf/1292566b-928c-5eaa-6116-47903b46025e,woonwijken,http://data.beeldengeluid.nl/gtaa/27423,Onderwerpen,Woonwijken,Objecten
https://digitaalerfgoed.poolparty.biz/nhaf/8f825144-6539-c971-c8c0-5407b9cc628f,wrakken,http://data.beeldengeluid.nl/gtaa/27853,Onderwerpen,Wrakken,Objecten
https://digitaalerfgoed.poolparty.biz/nhaf/0d318ca1-f640-1c05-106d-5aa22a4ad30e,ziekenhuizen,http://data.beeldengeluid.nl/gtaa/28258,Onderwerpen,Ziekenhuizen,Objecten
